cluster_id,cluster_name_raw,bin_id,N_stars,radius_arcsec,pm_sigma_total_masyr,pm_sigma_total_err_masyr,pm_sigma_radial_masyr,pm_sigma_radial_err_masyr,pm_sigma_tangential_masyr,pm_sigma_tangential_err_masyr,anisotropy_proxy_pm
NGC0104,NGC0104,1,23,8.0216,0.66,0.071,0.625,0.099,0.715,0.114,-0.3087359999999999
NGC0104,NGC0104,2,269,16.6106,0.584,0.018,0.574,0.025,0.6,0.026,-0.0926440772620769
NGC0104,NGC0104,3,386,22.7047,0.595,0.015,0.591,0.021,0.6,0.022,-0.0306887577623748
NGC0104,NGC0104,4,386,26.6547,0.561,0.014,0.547,0.02,0.577,0.021,-0.1126971448051359
NGC0104,NGC0104,5,386,30.1497,0.591,0.015,0.588,0.022,0.597,0.021,-0.0308465222823823
NGC0104,NGC0104,6,386,33.8949,0.569,0.015,0.566,0.021,0.565,0.02,0.0035304473772926
NGC0104,NGC0104,7,386,37.4059,0.547,0.014,0.517,0.019,0.572,0.021,-0.2240832956088725
NGC0104,NGC0104,8,386,40.9867,0.567,0.014,0.558,0.02,0.579,0.021,-0.0766851659151341
NGC0104,NGC0104,9,386,44.5412,0.561,0.014,0.553,0.02,0.57,0.021,-0.0624278552952983
NGC0104,NGC0104,10,386,48.1347,0.565,0.014,0.555,0.02,0.574,0.021,-0.0696404512620725
NGC0104,NGC0104,11,386,51.7444,0.54,0.013,0.547,0.02,0.536,0.019,0.0398149788275085
NGC0104,NGC0104,12,386,55.6032,0.555,0.014,0.541,0.019,0.569,0.021,-0.1061906990887688
NGC0104,NGC0104,13,386,59.1933,0.53,0.013,0.539,0.02,0.522,0.019,0.0620850127873717
NGC0104,NGC0104,14,386,62.9727,0.55,0.014,0.55,0.02,0.552,0.02,-0.0072859504132229
NGC0104,NGC0104,15,386,66.9185,0.555,0.014,0.594,0.022,0.513,0.019,0.2541322314049586
NGC0104,NGC0104,16,386,70.6169,0.548,0.014,0.574,0.021,0.521,0.019,0.1761433306219569
NGC0104,NGC0104,17,386,74.9096,0.543,0.014,0.552,0.02,0.533,0.02,0.0676558233564377
NGC0104,NGC0104,18,386,79.1244,0.532,0.013,0.516,0.019,0.542,0.02,-0.1033141037197284
NGC0104,NGC0104,19,385,83.7639,0.538,0.014,0.556,0.02,0.523,0.019,0.1151823145799908
NGC0104,NGC0104,20,385,88.941,0.522,0.013,0.551,0.02,0.493,0.018,0.1994459833795016
NGC0104,NGC0104,21,385,94.497,0.531,0.014,0.556,0.02,0.506,0.018,0.1717690595724861
NGC0104,NGC0104,22,385,100.0003,0.512,0.013,0.527,0.019,0.496,0.018,0.1141868512110727
NGC0104,NGC0104,23,385,106.3089,0.499,0.013,0.528,0.019,0.469,0.017,0.2109984791092748
NGC0104,NGC0104,24,385,113.4684,0.489,0.013,0.519,0.019,0.458,0.017,0.2212532623505259
NGC0104,NGC0104,25,385,121.5825,0.486,0.012,0.498,0.018,0.474,0.017,0.0940629989838873
NGC0104,NGC0104,26,385,130.1041,0.482,0.012,0.488,0.018,0.479,0.018,0.0365451155603333
NGC0104,NGC0104,27,385,140.6284,0.475,0.012,0.488,0.018,0.463,0.017,0.0998345538833644
NGC0104,NGC0104,28,385,158.5868,0.46,0.012,0.465,0.018,0.458,0.017,0.0298809110879871
NGC0288,NGC0288,1,42,13.8853,0.074,0.007,0.074,0.009,0.074,0.009,0.0
NGC0288,NGC0288,2,112,31.9959,0.068,0.004,0.071,0.005,0.064,0.005,0.1874628049990081
NGC0288,NGC0288,3,111,48.8954,0.068,0.004,0.068,0.005,0.068,0.005,0.0
NGC0288,NGC0288,4,111,67.0405,0.063,0.004,0.066,0.005,0.061,0.005,0.1457759412304867
NGC0288,NGC0288,5,111,80.8034,0.068,0.004,0.063,0.005,0.068,0.005,-0.1650289745527842
NGC0362,NGC0362,1,147,7.1193,0.197,0.008,0.204,0.012,0.189,0.011,0.1416522491349479
NGC0362,NGC0362,2,178,12.309,0.195,0.007,0.2,0.011,0.192,0.01,0.0784000000000001
NGC0362,NGC0362,3,178,16.1014,0.184,0.007,0.173,0.009,0.198,0.011,-0.3099000968959873
NGC0362,NGC0362,4,178,19.5568,0.185,0.007,0.189,0.01,0.182,0.01,0.0727023319615912
NGC0362,NGC0362,5,178,22.6414,0.188,0.007,0.19,0.01,0.187,0.01,0.0313296398891966
NGC0362,NGC0362,6,178,25.8596,0.188,0.007,0.195,0.011,0.182,0.01,0.1288888888888889
NGC0362,NGC0362,7,178,29.0667,0.192,0.007,0.189,0.01,0.197,0.01,-0.0864477478234091
NGC0362,NGC0362,8,178,32.3391,0.174,0.007,0.167,0.009,0.18,0.01,-0.1617483595682882
NGC0362,NGC0362,9,178,35.6755,0.179,0.007,0.182,0.01,0.171,0.009,0.1172261804129934
NGC0362,NGC0362,10,178,39.0979,0.174,0.007,0.177,0.01,0.172,0.009,0.0556991924415078
NGC0362,NGC0362,11,177,43.1205,0.178,0.007,0.167,0.009,0.184,0.01,-0.2139553228871595
NGC0362,NGC0362,12,177,47.1062,0.181,0.007,0.188,0.01,0.175,0.01,0.1335162969669535
NGC0362,NGC0362,13,177,51.8703,0.167,0.006,0.164,0.009,0.17,0.009,-0.074509220701963
NGC0362,NGC0362,14,177,56.6183,0.166,0.006,0.163,0.009,0.169,0.009,-0.0749745944521811
NGC0362,NGC0362,15,177,61.9446,0.161,0.006,0.167,0.009,0.158,0.008,0.1048800602388039
NGC0362,NGC0362,16,177,66.9422,0.157,0.006,0.148,0.008,0.168,0.009,-0.2885317750182619
NGC0362,NGC0362,17,177,72.8894,0.16,0.006,0.155,0.009,0.164,0.009,-0.1195005202913632
NGC0362,NGC0362,18,177,79.0759,0.167,0.007,0.166,0.009,0.165,0.009,0.012011903033822
NGC0362,NGC0362,19,177,90.796,0.144,0.006,0.142,0.008,0.145,0.008,-0.042699861138663
NGC1261,NGC1261,1,49,3.1141,0.075,0.006,0.077,0.008,0.073,0.008,0.1011975037949065
NGC1261,NGC1261,2,131,7.8312,0.073,0.003,0.065,0.004,0.08,0.005,-0.514792899408284
NGC1261,NGC1261,3,147,12.0745,0.071,0.003,0.07,0.004,0.072,0.005,-0.0579591836734691
NGC1261,NGC1261,4,147,15.8514,0.071,0.003,0.07,0.004,0.07,0.004,0.0
NGC1261,NGC1261,5,147,18.6315,0.062,0.003,0.061,0.004,0.064,0.004,-0.1007793603869926
NGC1261,NGC1261,6,161,21.8509,0.063,0.003,0.062,0.004,0.065,0.004,-0.0991155046826224
NGC1261,NGC1261,7,161,24.736,0.067,0.003,0.068,0.004,0.066,0.004,0.0579584775086504
NGC1261,NGC1261,8,161,27.5568,0.066,0.003,0.066,0.004,0.066,0.004,0.0
NGC1261,NGC1261,9,161,30.9621,0.063,0.003,0.06,0.004,0.066,0.004,-0.2100000000000002
NGC1261,NGC1261,10,160,34.5378,0.062,0.003,0.058,0.004,0.065,0.004,-0.2559453032104637
NGC1261,NGC1261,11,160,38.1547,0.064,0.003,0.065,0.004,0.062,0.004,0.0901775147928996
NGC1261,NGC1261,12,160,42.0203,0.063,0.003,0.065,0.004,0.061,0.004,0.1192899408284025
NGC1261,NGC1261,13,160,46.5004,0.058,0.003,0.057,0.003,0.06,0.004,-0.1080332409972297
NGC1261,NGC1261,14,160,50.73,0.056,0.002,0.052,0.003,0.061,0.004,-0.3761094674556213
NGC1261,NGC1261,15,160,56.4076,0.053,0.002,0.055,0.003,0.052,0.003,0.1061157024793388
NGC1261,NGC1261,16,160,62.0254,0.054,0.002,0.054,0.003,0.054,0.003,0.0
NGC1261,NGC1261,17,160,68.3646,0.056,0.002,0.056,0.003,0.057,0.003,-0.0360331632653061
NGC1261,NGC1261,18,160,75.6814,0.053,0.002,0.055,0.003,0.053,0.003,0.0714049586776859
NGC1261,NGC1261,19,160,85.0808,0.052,0.002,0.054,0.003,0.049,0.003,0.1766117969821671
NGC1261,NGC1261,20,160,99.6557,0.046,0.002,0.047,0.003,0.044,0.003,0.123585332729742
NGC1851,NGC1851,1,28,4.3529,0.185,0.019,0.198,0.029,0.209,0.031,-0.1141975308641973
NGC1851,NGC1851,2,122,8.2597,0.174,0.008,0.171,0.011,0.177,0.012,-0.0714065866420434
NGC1851,NGC1851,3,216,12.3398,0.159,0.006,0.142,0.007,0.176,0.009,-0.5362031342987503
NGC1851,NGC1851,4,215,15.7316,0.151,0.005,0.149,0.008,0.153,0.008,-0.054411963425071
NGC1851,NGC1851,5,215,18.4134,0.152,0.005,0.155,0.008,0.15,0.007,0.0634755463059314
NGC1851,NGC1851,6,248,21.5404,0.15,0.005,0.149,0.007,0.152,0.007,-0.0406738435205622
NGC1851,NGC1851,7,248,24.7186,0.142,0.005,0.144,0.007,0.14,0.007,0.0547839506172836
NGC1851,NGC1851,8,248,28.2263,0.137,0.004,0.134,0.006,0.138,0.007,-0.0605925595901091
NGC1851,NGC1851,9,248,31.5334,0.133,0.005,0.128,0.006,0.137,0.006,-0.1455688476562502
NGC1851,NGC1851,10,248,34.865,0.127,0.004,0.137,0.006,0.118,0.006,0.2581384197346691
NGC1851,NGC1851,11,248,38.3458,0.136,0.005,0.141,0.007,0.131,0.006,0.1368140435591768
NGC1851,NGC1851,12,248,41.8581,0.126,0.004,0.13,0.006,0.124,0.006,0.0901775147928996
NGC1851,NGC1851,13,248,46.0849,0.126,0.004,0.132,0.006,0.119,0.006,0.1872704315886135
NGC1851,NGC1851,14,248,50.1188,0.119,0.004,0.127,0.006,0.11,0.005,0.2497984995969993
NGC1851,NGC1851,15,248,54.4468,0.114,0.004,0.115,0.006,0.111,0.005,0.0683553875236294
NGC1851,NGC1851,16,247,59.5479,0.12,0.004,0.129,0.006,0.112,0.005,0.2461991466858961
NGC1851,NGC1851,17,247,66.3774,0.113,0.004,0.111,0.005,0.117,0.006,-0.1110299488677868
NGC1851,NGC1851,18,247,73.0078,0.109,0.004,0.106,0.005,0.113,0.005,-0.1364364542541831
NGC1851,NGC1851,19,247,81.3272,0.106,0.004,0.107,0.005,0.106,0.005,0.0186042449122193
NGC1851,NGC1851,20,247,89.8988,0.101,0.004,0.104,0.005,0.099,0.005,0.0938424556213016
NGC2298,NGC2298,1,48,6.0082,0.085,0.007,0.078,0.009,0.092,0.011,-0.3911900065746219
NGC2298,NGC2298,2,59,14.3929,0.077,0.006,0.063,0.007,0.091,0.009,-1.0864197530864197
NGC2298,NGC2298,3,51,25.6299,0.075,0.006,0.067,0.007,0.086,0.009,-0.647582980619291
NGC2298,NGC2298,4,51,37.3179,0.074,0.006,0.082,0.009,0.067,0.008,0.3323914336704342
NGC2298,NGC2298,5,51,53.7063,0.065,0.005,0.061,0.007,0.072,0.008,-0.3931738779897875
NGC2298,NGC2298,6,50,86.7106,0.059,0.005,0.062,0.007,0.058,0.007,0.124869927159209
NGC2808,NGC2808,1,64,3.475,0.31,0.02,0.314,0.028,0.309,0.028,0.0315935737758125
NGC2808,NGC2808,2,130,7.8932,0.285,0.013,0.315,0.02,0.253,0.016,0.3549105568153188
NGC2808,NGC2808,3,204,13.0162,0.277,0.01,0.277,0.014,0.278,0.014,-0.0072332494884592
NGC2808,NGC2808,4,204,17.7359,0.282,0.01,0.294,0.015,0.272,0.014,0.1440603452265257
NGC2808,NGC2808,5,370,23.4996,0.275,0.008,0.276,0.011,0.273,0.01,0.0216209829867674
NGC2808,NGC2808,6,370,29.1619,0.266,0.007,0.282,0.011,0.251,0.01,0.2077737538353199
NGC2808,NGC2808,7,370,33.3908,0.26,0.007,0.258,0.01,0.262,0.01,-0.0312481221080465
NGC2808,NGC2808,8,370,37.1908,0.261,0.007,0.263,0.01,0.259,0.01,0.0301869334528475
NGC2808,NGC2808,9,370,40.673,0.248,0.007,0.258,0.01,0.237,0.009,0.1561654948620876
NGC2808,NGC2808,10,370,43.8803,0.256,0.007,0.273,0.01,0.239,0.009,0.2335735082987832
NGC2808,NGC2808,11,370,46.5007,0.246,0.007,0.243,0.009,0.249,0.009,-0.0499923792104861
NGC2808,NGC2808,12,370,49.4917,0.243,0.006,0.249,0.01,0.236,0.009,0.1016919081950291
NGC2808,NGC2808,13,370,52.5844,0.248,0.007,0.253,0.01,0.242,0.009,0.0850661625708885
NGC2808,NGC2808,14,370,55.5862,0.235,0.006,0.248,0.009,0.222,0.009,0.1986862643080124
NGC2808,NGC2808,15,370,58.6705,0.233,0.006,0.248,0.01,0.217,0.008,0.234375
NGC2808,NGC2808,16,370,61.8199,0.232,0.006,0.232,0.009,0.232,0.009,0.0
NGC2808,NGC2808,17,370,65.2062,0.234,0.006,0.245,0.009,0.223,0.008,0.1715285297792586
NGC2808,NGC2808,18,370,68.4998,0.224,0.006,0.231,0.009,0.219,0.008,0.1011975037949065
NGC2808,NGC2808,19,370,72.1304,0.231,0.006,0.232,0.009,0.23,0.009,0.017167063020214
NGC2808,NGC2808,20,370,76.2377,0.215,0.006,0.231,0.009,0.199,0.007,0.2578662318922059
NGC2808,NGC2808,21,370,80.707,0.207,0.006,0.222,0.008,0.192,0.007,0.252008765522279
NGC2808,NGC2808,22,370,85.5369,0.212,0.006,0.22,0.008,0.207,0.008,0.1146900826446281
NGC2808,NGC2808,23,369,91.4613,0.201,0.005,0.207,0.008,0.194,0.007,0.1216597820252514
NGC2808,NGC2808,24,369,101.5505,0.19,0.005,0.203,0.008,0.178,0.007,0.2311388288966004
NGC3201,NGC3201,1,44,14.9638,0.185,0.015,0.175,0.02,0.209,0.024,-0.4263183673469388
NGC3201,NGC3201,2,152,32.6546,0.183,0.008,0.176,0.011,0.191,0.011,-0.1777182334710745
NGC3201,NGC3201,3,152,47.9161,0.18,0.007,0.179,0.011,0.183,0.011,-0.045192097624918
NGC3201,NGC3201,4,152,63.6131,0.186,0.008,0.189,0.011,0.182,0.011,0.0727023319615912
NGC3201,NGC3201,5,152,78.8741,0.172,0.007,0.18,0.011,0.165,0.01,0.1597222222222221
NGC3201,NGC3201,6,152,97.6195,0.2,0.009,0.2,0.012,0.201,0.012,-0.0100249999999999
NGC4590,NGC4590,1,69,13.5896,0.076,0.005,0.077,0.008,0.073,0.007,0.1011975037949065
NGC4590,NGC4590,2,84,29.1544,0.077,0.005,0.075,0.007,0.079,0.007,-0.1095111111111111
NGC4590,NGC4590,3,84,44.4527,0.072,0.005,0.08,0.007,0.065,0.006,0.33984375
NGC4590,NGC4590,4,83,58.0196,0.076,0.005,0.079,0.007,0.075,0.007,0.098702131068739
NGC4590,NGC4590,5,83,75.9885,0.066,0.004,0.059,0.005,0.075,0.007,-0.6159149669635162
NGC4833,NGC4833,1,41,7.1847,0.211,0.018,0.227,0.026,0.188,0.023,0.3140949756447826
NGC4833,NGC4833,2,135,15.5238,0.193,0.009,0.201,0.013,0.186,0.012,0.1436845622633104
NGC4833,NGC4833,3,171,24.2585,0.193,0.008,0.192,0.011,0.195,0.011,-0.031494140625
NGC4833,NGC4833,4,171,32.0209,0.199,0.008,0.192,0.011,0.207,0.012,-0.162353515625
NGC4833,NGC4833,5,171,39.5139,0.193,0.007,0.2,0.011,0.186,0.011,0.1351000000000001
NGC4833,NGC4833,6,171,47.1037,0.194,0.008,0.197,0.011,0.19,0.011,0.0698033961194568
NGC4833,NGC4833,7,171,53.6754,0.175,0.007,0.174,0.01,0.18,0.01,-0.070154577883472
NGC4833,NGC4833,8,171,60.6403,0.179,0.007,0.159,0.009,0.198,0.011,-0.5507297970808116
NGC4833,NGC4833,9,171,67.2018,0.174,0.007,0.183,0.01,0.165,0.009,0.1870464928782583
NGC4833,NGC4833,10,171,74.4309,0.165,0.007,0.17,0.01,0.159,0.009,0.1252249134948098
NGC4833,NGC4833,11,171,81.3692,0.171,0.007,0.171,0.01,0.17,0.01,0.0116617078759275
NGC4833,NGC4833,12,170,91.1899,0.178,0.007,0.175,0.01,0.181,0.01,-0.0697469387755103
NGC5024,NGC5024,1,80,7.5795,0.083,0.005,0.08,0.007,0.086,0.007,-0.1556249999999996
NGC5024,NGC5024,2,231,14.6974,0.076,0.003,0.072,0.004,0.078,0.004,-0.1736111111111111
NGC5024,NGC5024,3,231,20.7294,0.079,0.003,0.078,0.004,0.079,0.004,-0.0258053911900066
NGC5024,NGC5024,4,231,25.3698,0.074,0.003,0.07,0.004,0.079,0.004,-0.2736734693877549
NGC5024,NGC5024,5,231,30.2012,0.079,0.003,0.083,0.004,0.075,0.004,0.1834809115982002
NGC5024,NGC5024,6,231,34.6511,0.073,0.003,0.079,0.004,0.067,0.004,0.2807242429097899
NGC5024,NGC5024,7,231,38.0509,0.076,0.003,0.078,0.004,0.076,0.004,0.0506245890861275
NGC5024,NGC5024,8,231,42.4247,0.072,0.003,0.075,0.004,0.067,0.003,0.2019555555555553
NGC5024,NGC5024,9,231,46.257,0.069,0.003,0.073,0.004,0.065,0.003,0.2071683242634638
NGC5024,NGC5024,10,231,50.4075,0.076,0.003,0.08,0.004,0.071,0.004,0.2123437500000001
NGC5024,NGC5024,11,231,55.0394,0.067,0.002,0.07,0.004,0.063,0.003,0.19
NGC5024,NGC5024,12,231,59.9783,0.064,0.002,0.069,0.003,0.058,0.003,0.2934257508926696
NGC5024,NGC5024,13,231,64.9717,0.064,0.002,0.069,0.004,0.058,0.003,0.2934257508926696
NGC5024,NGC5024,14,230,70.868,0.066,0.002,0.07,0.004,0.062,0.003,0.2155102040816328
NGC5024,NGC5024,15,230,78.7879,0.068,0.003,0.073,0.004,0.062,0.003,0.2786639144304748
NGC5024,NGC5024,16,230,88.1308,0.062,0.002,0.066,0.003,0.058,0.003,0.2277318640955005
NGC5024,NGC5024,17,230,100.7875,0.06,0.002,0.062,0.003,0.057,0.003,0.1547866805411029
NGC5053,NGC5053,1,50,26.5938,0.037,0.003,0.037,0.005,0.031,0.004,0.2980277574872169
NGC5053,NGC5053,2,50,52.6821,0.038,0.003,0.037,0.004,0.038,0.005,-0.0547845142439737
NGC5053,NGC5053,3,50,68.0478,0.03,0.003,0.032,0.004,0.028,0.003,0.2343749999999999
NGC5053,NGC5053,4,49,84.4754,0.023,0.002,0.024,0.003,0.024,0.003,0.0
NGC5053,NGC5053,5,49,101.4658,0.029,0.003,0.03,0.004,0.03,0.004,0.0
NGC5272,NGC5272,1,114,6.8217,0.172,0.009,0.174,0.013,0.169,0.012,0.056645527810807
NGC5272,NGC5272,2,209,13.9659,0.168,0.007,0.173,0.009,0.168,0.009,0.0569681579738713
NGC5272,NGC5272,3,209,19.7115,0.161,0.006,0.155,0.008,0.166,0.009,-0.1469719042663892
NGC5272,NGC5272,4,209,24.772,0.16,0.006,0.161,0.008,0.158,0.008,0.0369198719185217
NGC5272,NGC5272,5,209,28.7488,0.156,0.006,0.158,0.009,0.155,0.008,0.0376141643967312
NGC5272,NGC5272,6,209,32.7826,0.161,0.006,0.164,0.009,0.159,0.008,0.0600461035098156
NGC5272,NGC5272,7,209,37.1038,0.155,0.006,0.149,0.008,0.162,0.008,-0.1821089140128824
NGC5272,NGC5272,8,208,41.0674,0.15,0.006,0.157,0.009,0.14,0.007,0.2048358959795528
NGC5272,NGC5272,9,208,44.7961,0.148,0.006,0.147,0.008,0.151,0.008,-0.0551622009347958
NGC5272,NGC5272,10,208,48.8741,0.16,0.006,0.164,0.009,0.156,0.008,0.0951814396192743
NGC5272,NGC5272,11,208,52.9233,0.148,0.005,0.155,0.008,0.143,0.008,0.1488449531737775
NGC5272,NGC5272,12,208,56.5985,0.15,0.006,0.148,0.008,0.152,0.008,-0.0547845142439737
NGC5272,NGC5272,13,208,61.1482,0.142,0.005,0.151,0.008,0.134,0.007,0.2124906802333228
NGC5272,NGC5272,14,208,65.7884,0.145,0.005,0.156,0.008,0.132,0.007,0.2840236686390531
NGC5272,NGC5272,15,208,71.7457,0.151,0.006,0.152,0.008,0.149,0.008,0.0390841412742383
NGC5272,NGC5272,16,208,77.628,0.137,0.005,0.143,0.008,0.132,0.007,0.1479289940828398
NGC5272,NGC5272,17,208,89.7092,0.138,0.005,0.147,0.008,0.129,0.007,0.2299042065805913
NGC5466,NGC5466,1,80,24.8686,0.033,0.002,0.032,0.003,0.033,0.003,-0.0634765625000002
NGC5466,NGC5466,2,80,47.8718,0.032,0.002,0.033,0.003,0.031,0.003,0.1175390266299358
NGC5466,NGC5466,3,80,68.689,0.032,0.002,0.036,0.003,0.029,0.003,0.3510802469135801
NGC5466,NGC5466,4,79,82.2865,0.03,0.002,0.03,0.003,0.03,0.003,0.0
NGC5466,NGC5466,5,79,99.0486,0.03,0.002,0.028,0.003,0.031,0.003,-0.2257653061224487
NGC5897,NGC5897,1,59,25.2152,0.063,0.005,0.064,0.008,0.067,0.008,-0.0959472656250002
NGC5897,NGC5897,2,59,40.565,0.061,0.005,0.058,0.007,0.067,0.008,-0.3344233055885852
NGC5897,NGC5897,3,59,53.2912,0.057,0.005,0.064,0.008,0.048,0.007,0.4375
NGC5897,NGC5897,4,59,63.0149,0.058,0.005,0.057,0.007,0.056,0.007,0.0347799322868573
NGC5897,NGC5897,5,58,79.0089,0.055,0.005,0.051,0.007,0.059,0.007,-0.3383314109957709
NGC5904,NGC5904,1,54,3.7621,0.206,0.015,0.218,0.022,0.191,0.019,0.2323668041410654
NGC5904,NGC5904,2,150,7.6884,0.209,0.009,0.206,0.012,0.212,0.012,-0.0591007635026865
NGC5904,NGC5904,3,214,12.851,0.197,0.007,0.189,0.009,0.207,0.01,-0.1995464852607709
NGC5904,NGC5904,4,214,17.9793,0.217,0.007,0.218,0.011,0.213,0.01,0.0453455096372358
NGC5904,NGC5904,5,239,21.7856,0.216,0.007,0.212,0.01,0.218,0.01,-0.0574047703809184
NGC5904,NGC5904,6,239,25.5341,0.21,0.007,0.213,0.01,0.207,0.01,0.0555445348145209
NGC5904,NGC5904,7,239,29.4589,0.203,0.007,0.207,0.01,0.2,0.009,0.0664892996335968
NGC5904,NGC5904,8,239,33.4017,0.21,0.007,0.206,0.01,0.213,0.01,-0.0691158450372326
NGC5904,NGC5904,9,239,38.2157,0.204,0.007,0.204,0.01,0.206,0.01,-0.0197039600153787
NGC5904,NGC5904,10,239,42.7223,0.21,0.007,0.195,0.009,0.224,0.011,-0.3195529257067719
NGC5904,NGC5904,11,239,47.0507,0.199,0.007,0.202,0.01,0.197,0.009,0.0488922654641702
NGC5904,NGC5904,12,239,51.76,0.198,0.007,0.2,0.009,0.198,0.009,0.0199000000000001
NGC5904,NGC5904,13,238,56.6481,0.208,0.007,0.213,0.01,0.203,0.01,0.091692565408098
NGC5904,NGC5904,14,238,61.8028,0.201,0.007,0.203,0.009,0.199,0.009,0.0390206022956149
NGC5904,NGC5904,15,238,68.3356,0.203,0.007,0.202,0.01,0.201,0.01,0.0098764826977747
NGC5904,NGC5904,16,238,74.3174,0.195,0.006,0.199,0.009,0.191,0.009,0.0787858892452212
NGC5904,NGC5904,17,238,81.908,0.192,0.007,0.2,0.01,0.185,0.009,0.1443750000000002
NGC5904,NGC5904,18,238,91.1232,0.189,0.006,0.193,0.009,0.184,0.009,0.091089693683052
NGC5904,NGC5904,19,238,104.368,0.185,0.006,0.184,0.009,0.188,0.009,-0.0439508506616257
NGC5927,NGC5927,1,88,6.8315,0.163,0.009,0.153,0.012,0.174,0.014,-0.2933487120338331
NGC5927,NGC5927,2,224,14.5631,0.153,0.005,0.154,0.008,0.153,0.007,0.0129448473604318
NGC5927,NGC5927,3,224,21.5814,0.157,0.005,0.157,0.008,0.158,0.008,-0.0127794231003286
NGC5927,NGC5927,4,224,26.7515,0.145,0.005,0.147,0.007,0.143,0.007,0.0536813364801703
NGC5927,NGC5927,5,224,31.0793,0.154,0.005,0.16,0.008,0.145,0.007,0.1787109375000001
NGC5927,NGC5927,6,223,35.9658,0.151,0.005,0.146,0.007,0.157,0.008,-0.1563614186526554
NGC5927,NGC5927,7,223,41.0518,0.15,0.005,0.142,0.007,0.157,0.008,-0.222426105931363
NGC5927,NGC5927,8,223,45.7575,0.151,0.005,0.161,0.008,0.142,0.007,0.2220979128891633
NGC5927,NGC5927,9,223,50.7227,0.147,0.005,0.142,0.007,0.153,0.007,-0.1609303709581433
NGC5927,NGC5927,10,223,55.6653,0.143,0.005,0.149,0.008,0.136,0.007,0.1668843745777215
NGC5927,NGC5927,11,223,60.8751,0.157,0.006,0.16,0.008,0.154,0.007,0.07359375
NGC5927,NGC5927,12,223,66.5802,0.15,0.005,0.156,0.008,0.144,0.007,0.1479289940828403
NGC5927,NGC5927,13,223,72.1609,0.15,0.005,0.148,0.007,0.153,0.007,-0.0687089116143171
NGC5927,NGC5927,14,223,78.1722,0.139,0.005,0.141,0.007,0.138,0.007,0.0421004979628788
NGC5927,NGC5927,15,223,85.5987,0.135,0.005,0.137,0.007,0.134,0.007,0.0433161063455699
NGC5927,NGC5927,16,223,93.6304,0.145,0.005,0.146,0.007,0.144,0.007,0.0272096078063427
NGC5927,NGC5927,17,223,106.5675,0.141,0.005,0.145,0.007,0.136,0.007,0.1202853745541021
NGC5986,NGC5986,1,124,7.1035,0.158,0.008,0.174,0.012,0.146,0.011,0.2959439820319725
NGC5986,NGC5986,2,213,13.9689,0.147,0.006,0.149,0.008,0.146,0.008,0.0398630692311157
NGC5986,NGC5986,3,212,19.1283,0.157,0.006,0.144,0.008,0.171,0.009,-0.4101562500000002
NGC5986,NGC5986,4,212,24.1882,0.144,0.005,0.129,0.007,0.158,0.008,-0.5001502313562887
NGC5986,NGC5986,5,212,28.0491,0.148,0.006,0.16,0.009,0.134,0.007,0.2985937499999999
NGC5986,NGC5986,6,212,31.7945,0.146,0.006,0.155,0.008,0.137,0.008,0.2187721123829342
NGC5986,NGC5986,7,212,35.9506,0.144,0.005,0.148,0.008,0.14,0.007,0.1051862673484292
NGC5986,NGC5986,8,212,39.8394,0.139,0.005,0.142,0.008,0.138,0.007,0.0555445348145207
NGC5986,NGC5986,9,212,43.8444,0.144,0.005,0.148,0.008,0.141,0.007,0.0923575602629657
NGC5986,NGC5986,10,212,48.1075,0.137,0.005,0.138,0.007,0.136,0.007,0.0287754673387943
NGC5986,NGC5986,11,212,52.3382,0.135,0.005,0.137,0.007,0.134,0.007,0.0433161063455699
NGC5986,NGC5986,12,212,56.9775,0.129,0.005,0.132,0.007,0.128,0.007,0.0596877869605143
NGC5986,NGC5986,13,212,61.3908,0.137,0.005,0.141,0.007,0.133,0.007,0.1102560233388658
NGC5986,NGC5986,14,212,66.6145,0.125,0.005,0.129,0.007,0.119,0.007,0.1490295054383752
NGC5986,NGC5986,15,212,71.3306,0.124,0.005,0.132,0.007,0.115,0.006,0.2409894398530763
NGC5986,NGC5986,16,212,77.2644,0.126,0.005,0.134,0.007,0.116,0.006,0.2506126085987972
NGC5986,NGC5986,17,212,87.9152,0.117,0.005,0.112,0.006,0.121,0.007,-0.1671715561224487
NGC6093,NGC6093,1,100,7.5567,0.224,0.013,0.236,0.019,0.218,0.018,0.1467250790002873
NGC6093,NGC6093,2,193,13.3725,0.244,0.01,0.242,0.014,0.244,0.014,-0.0165972269653711
NGC6093,NGC6093,3,193,17.6796,0.234,0.009,0.238,0.013,0.229,0.013,0.074200268342631
NGC6093,NGC6093,4,149,21.6213,0.214,0.01,0.195,0.013,0.224,0.014,-0.3195529257067719
NGC6093,NGC6093,5,149,24.807,0.218,0.01,0.216,0.014,0.218,0.014,-0.0186042524005487
NGC6093,NGC6093,6,149,28.0123,0.2,0.009,0.203,0.013,0.196,0.013,0.0677764565992864
NGC6093,NGC6093,7,148,31.6045,0.189,0.009,0.187,0.013,0.194,0.013,-0.0762675512596873
NGC6093,NGC6093,8,148,35.2995,0.204,0.009,0.219,0.014,0.189,0.012,0.2552073559767309
NGC6093,NGC6093,9,148,39.8243,0.199,0.009,0.202,0.013,0.199,0.013,0.0294824036859132
NGC6093,NGC6093,10,148,44.9744,0.207,0.009,0.221,0.014,0.186,0.013,0.2916606949079666
NGC6093,NGC6093,11,148,49.5169,0.175,0.008,0.169,0.011,0.18,0.012,-0.134414061132313
NGC6093,NGC6093,12,148,58.8584,0.156,0.007,0.159,0.011,0.148,0.01,0.133578576796804
NGC6093,NGC6093,13,148,73.9453,0.154,0.007,0.161,0.01,0.146,0.01,0.1776551830562094
NGC6101,NGC6101,1,66,14.463,0.051,0.004,0.052,0.005,0.052,0.005,0.0
NGC6101,NGC6101,2,119,30.0011,0.055,0.003,0.057,0.004,0.053,0.004,0.1354262850107725
NGC6101,NGC6101,3,119,44.4626,0.052,0.003,0.053,0.004,0.051,0.004,0.0740477038091849
NGC6101,NGC6101,4,118,55.491,0.05,0.003,0.051,0.004,0.048,0.003,0.1141868512110725
NGC6101,NGC6101,5,118,67.3253,0.047,0.002,0.045,0.003,0.046,0.003,-0.0449382716049382
NGC6101,NGC6101,6,118,78.9394,0.051,0.003,0.054,0.004,0.048,0.003,0.2098765432098764
NGC6101,NGC6101,7,118,88.7529,0.047,0.002,0.047,0.003,0.048,0.003,-0.0430058850158443
NGC6101,NGC6101,8,118,106.348,0.05,0.003,0.05,0.004,0.051,0.004,-0.0403999999999995
NGC6121,NGC6121,1,57,13.4955,0.582,0.04,0.588,0.059,0.583,0.059,0.0169344948863899
NGC6121,NGC6121,2,110,29.6449,0.556,0.028,0.577,0.041,0.538,0.037,0.1306134340955577
NGC6121,NGC6121,3,110,46.101,0.562,0.028,0.635,0.044,0.483,0.035,0.4214421228842457
NGC6121,NGC6121,4,110,62.5542,0.546,0.027,0.498,0.036,0.592,0.041,-0.4131384977661647
NGC6121,NGC6121,5,110,79.6761,0.543,0.027,0.564,0.04,0.535,0.038,0.1001930234897638
NGC6121,NGC6121,6,109,106.7347,0.568,0.028,0.558,0.04,0.583,0.043,-0.0916130316928092
NGC6144,NGC6144,1,62,14.3554,0.098,0.008,0.101,0.012,0.099,0.011,0.0392118419762769
NGC6144,NGC6144,2,132,29.6258,0.103,0.005,0.092,0.008,0.111,0.008,-0.4556947069943291
NGC6144,NGC6144,3,132,45.6552,0.092,0.005,0.089,0.007,0.094,0.007,-0.1155157177124102
NGC6144,NGC6144,4,131,61.0403,0.099,0.005,0.105,0.008,0.089,0.007,0.2815419501133787
NGC6144,NGC6144,5,131,78.4436,0.093,0.005,0.101,0.008,0.083,0.007,0.3246740515635722
NGC6171,NGC6171,1,42,7.0431,0.131,0.011,0.141,0.017,0.116,0.014,0.3231728786278354
NGC6171,NGC6171,2,200,21.4418,0.144,0.005,0.145,0.008,0.141,0.008,0.0544114149821641
NGC6171,NGC6171,3,200,36.5815,0.134,0.005,0.136,0.007,0.132,0.007,0.0579584775086504
NGC6171,NGC6171,4,199,50.4742,0.131,0.005,0.126,0.007,0.137,0.007,-0.1822247417485514
NGC6171,NGC6171,5,199,63.3057,0.135,0.005,0.133,0.007,0.136,0.007,-0.0456215727288145
NGC6171,NGC6171,6,199,81.74,0.13,0.005,0.125,0.007,0.135,0.007,-0.1664000000000001
NGC6205,NGC6205,1,134,6.8744,0.259,0.011,0.266,0.017,0.252,0.016,0.1024930747922439
NGC6205,NGC6205,2,257,14.173,0.246,0.008,0.246,0.011,0.248,0.011,-0.0163262608235836
NGC6205,NGC6205,3,257,20.1195,0.253,0.008,0.236,0.011,0.268,0.012,-0.2895719620798624
NGC6205,NGC6205,4,257,25.2153,0.244,0.008,0.247,0.011,0.243,0.011,0.0321264075792097
NGC6205,NGC6205,5,257,29.2729,0.249,0.008,0.244,0.011,0.255,0.011,-0.0921963181940339
NGC6205,NGC6205,6,257,33.5803,0.25,0.008,0.266,0.012,0.229,0.01,0.2588473062355136
NGC6205,NGC6205,7,257,37.2546,0.254,0.008,0.258,0.012,0.248,0.011,0.0760170662820743
NGC6205,NGC6205,8,257,41.1668,0.247,0.008,0.261,0.012,0.233,0.011,0.2030504543386033
NGC6205,NGC6205,9,257,45.0742,0.24,0.008,0.235,0.011,0.246,0.011,-0.0958080579447715
NGC6205,NGC6205,10,257,48.6752,0.228,0.007,0.209,0.009,0.245,0.011,-0.3741672580755935
NGC6205,NGC6205,11,256,52.6228,0.222,0.007,0.214,0.01,0.231,0.01,-0.1651890994846714
NGC6205,NGC6205,12,256,56.2408,0.227,0.007,0.225,0.01,0.229,0.01,-0.0358716049382714
NGC6205,NGC6205,13,256,59.8035,0.228,0.007,0.211,0.009,0.244,0.011,-0.3372565755486174
NGC6205,NGC6205,14,256,63.0842,0.22,0.007,0.224,0.01,0.218,0.01,0.0528539540816328
NGC6205,NGC6205,15,256,67.1827,0.219,0.007,0.226,0.01,0.214,0.01,0.1033753622053411
NGC6205,NGC6205,16,256,71.1207,0.222,0.007,0.234,0.011,0.211,0.01,0.1869201548688729
NGC6205,NGC6205,17,256,75.3678,0.225,0.007,0.23,0.01,0.22,0.01,0.0850661625708885
NGC6205,NGC6205,18,256,79.9123,0.224,0.007,0.231,0.01,0.218,0.01,0.1093870054909017
NGC6205,NGC6205,19,256,84.6859,0.221,0.007,0.228,0.01,0.215,0.01,0.1107840874115113
NGC6205,NGC6205,20,256,90.393,0.219,0.007,0.219,0.01,0.217,0.01,0.0181814390859239
NGC6205,NGC6205,21,256,100.1628,0.208,0.007,0.227,0.011,0.186,0.009,0.3286110733761571
NGC6218,NGC6218,1,76,10.4237,0.174,0.01,0.184,0.015,0.164,0.014,0.2055765595463136
NGC6218,NGC6218,2,126,20.1979,0.191,0.009,0.184,0.012,0.195,0.013,-0.123139177693762
NGC6218,NGC6218,3,126,28.9344,0.184,0.009,0.183,0.012,0.187,0.012,-0.044193615814148
NGC6218,NGC6218,4,126,36.5884,0.188,0.009,0.186,0.012,0.19,0.013,-0.0434732338998726
NGC6218,NGC6218,5,126,44.3255,0.201,0.009,0.19,0.013,0.213,0.014,-0.256759002770083
NGC6218,NGC6218,6,126,52.3702,0.173,0.008,0.18,0.012,0.169,0.011,0.1184876543209875
NGC6218,NGC6218,7,126,58.6902,0.185,0.008,0.187,0.012,0.186,0.012,0.0106665904086475
NGC6218,NGC6218,8,125,66.829,0.159,0.007,0.164,0.011,0.156,0.01,0.0951814396192743
NGC6218,NGC6218,9,125,74.563,0.163,0.007,0.176,0.012,0.15,0.01,0.2736311983471073
NGC6218,NGC6218,10,125,82.1294,0.177,0.008,0.171,0.011,0.186,0.012,-0.183133271775931
NGC6218,NGC6218,11,125,92.7132,0.169,0.008,0.174,0.012,0.165,0.011,0.10077288941736
NGC6254,NGC6254,1,120,10.752,0.265,0.013,0.269,0.018,0.261,0.017,0.0585950995702105
NGC6254,NGC6254,2,117,18.1139,0.24,0.012,0.235,0.016,0.251,0.017,-0.140805794477139
NGC6254,NGC6254,3,117,23.6072,0.253,0.012,0.255,0.017,0.251,0.017,0.0311264898116109
NGC6254,NGC6254,4,117,28.5914,0.256,0.012,0.244,0.017,0.27,0.018,-0.224469228701962
NGC6254,NGC6254,5,117,34.2028,0.255,0.012,0.245,0.016,0.269,0.018,-0.2055143690129115
NGC6254,NGC6254,6,117,39.4495,0.24,0.011,0.213,0.015,0.264,0.018,-0.5362031342987503
NGC6254,NGC6254,7,117,44.5144,0.261,0.012,0.26,0.017,0.259,0.017,0.0076775147928994
NGC6254,NGC6254,8,116,49.2599,0.245,0.012,0.241,0.017,0.247,0.017,-0.0504123551591744
NGC6254,NGC6254,9,116,53.8286,0.227,0.011,0.22,0.015,0.233,0.016,-0.1216735537190083
NGC6254,NGC6254,10,116,58.2972,0.23,0.011,0.248,0.017,0.21,0.014,0.2829734651404787
NGC6254,NGC6254,11,116,63.3585,0.254,0.012,0.241,0.016,0.256,0.017,-0.1283552280435944
NGC6254,NGC6254,12,116,68.4685,0.238,0.011,0.242,0.017,0.235,0.016,0.0570145481865993
NGC6254,NGC6254,13,116,73.2866,0.229,0.011,0.217,0.014,0.244,0.017,-0.2643292488691626
NGC6254,NGC6254,14,116,79.474,0.241,0.012,0.215,0.015,0.264,0.018,-0.5077555435370473
NGC6254,NGC6254,15,116,85.7212,0.223,0.011,0.215,0.015,0.233,0.016,-0.1744510546241213
NGC6254,NGC6254,16,116,96.1468,0.22,0.011,0.219,0.016,0.221,0.016,-0.0183482412793729
NGC6304,NGC6304,1,68,6.636,0.172,0.012,0.156,0.016,0.188,0.018,-0.4523339907955293
NGC6304,NGC6304,2,117,13.9265,0.175,0.009,0.183,0.014,0.166,0.013,0.1771626504225266
NGC6304,NGC6304,3,117,21.6076,0.19,0.01,0.194,0.014,0.189,0.014,0.0508821341268997
NGC6304,NGC6304,4,117,27.7986,0.188,0.01,0.184,0.014,0.194,0.014,-0.1116493383742913
NGC6304,NGC6304,5,117,35.5467,0.183,0.01,0.186,0.014,0.184,0.014,0.021389756041161
NGC6304,NGC6304,6,117,44.0681,0.18,0.009,0.184,0.014,0.175,0.013,0.0954336011342155
NGC6304,NGC6304,7,117,55.2849,0.173,0.009,0.155,0.012,0.188,0.014,-0.471134235171696
NGC6304,NGC6304,8,117,73.9388,0.159,0.008,0.169,0.013,0.149,0.011,0.2226812786667135
NGC6341,NGC6341,1,54,3.2414,0.193,0.014,0.201,0.02,0.203,0.021,-0.0199995049627483
NGC6341,NGC6341,2,126,7.8069,0.199,0.009,0.184,0.012,0.215,0.014,-0.3653414461247637
NGC6341,NGC6341,3,146,12.0869,0.207,0.009,0.22,0.013,0.193,0.012,0.2303925619834709
NGC6341,NGC6341,4,146,15.5162,0.205,0.009,0.191,0.011,0.22,0.013,-0.3267180175982018
NGC6341,NGC6341,5,146,18.9511,0.211,0.009,0.214,0.013,0.209,0.013,0.046183072757446
NGC6341,NGC6341,6,146,22.3177,0.198,0.008,0.183,0.011,0.21,0.013,-0.3168503090567049
NGC6341,NGC6341,7,146,25.4277,0.191,0.008,0.193,0.012,0.189,0.011,0.0410212354694086
NGC6341,NGC6341,8,146,28.7857,0.196,0.008,0.199,0.012,0.194,0.012,0.0496199590919421
NGC6341,NGC6341,9,146,32.3124,0.187,0.008,0.201,0.012,0.178,0.011,0.2157619860894534
NGC6341,NGC6341,10,146,35.4525,0.199,0.008,0.188,0.011,0.209,0.013,-0.2358816206428247
NGC6341,NGC6341,11,146,39.3745,0.185,0.008,0.191,0.011,0.182,0.011,0.0920205038239082
NGC6341,NGC6341,12,146,42.8266,0.193,0.008,0.198,0.012,0.187,0.011,0.1080246913580247
NGC6341,NGC6341,13,146,46.9086,0.185,0.008,0.175,0.011,0.194,0.011,-0.2289306122448982
NGC6341,NGC6341,14,146,50.5722,0.176,0.007,0.197,0.012,0.154,0.01,0.388904635522688
NGC6341,NGC6341,15,146,55.0659,0.169,0.007,0.166,0.01,0.173,0.01,-0.0861155465234428
NGC6341,NGC6341,16,146,59.5574,0.18,0.008,0.179,0.011,0.184,0.011,-0.056646172092007
NGC6341,NGC6341,17,145,63.6719,0.172,0.007,0.176,0.011,0.169,0.01,0.0779635847107436
NGC6341,NGC6341,18,145,68.704,0.16,0.007,0.15,0.009,0.168,0.01,-0.2544000000000002
NGC6341,NGC6341,19,145,74.5646,0.173,0.007,0.179,0.011,0.168,0.01,0.1191286164601603
NGC6341,NGC6341,20,145,80.2031,0.154,0.007,0.147,0.009,0.161,0.01,-0.1995464852607713
NGC6341,NGC6341,21,145,88.9831,0.149,0.006,0.143,0.009,0.155,0.01,-0.1748740769719794
NGC6341,NGC6341,22,145,100.7625,0.158,0.007,0.169,0.011,0.146,0.009,0.2536675886698646
NGC6352,NGC6352,1,57,11.6906,0.12,0.009,0.115,0.011,0.128,0.013,-0.2388657844990547
NGC6352,NGC6352,2,148,23.134,0.132,0.006,0.126,0.008,0.139,0.009,-0.2169942050894433
NGC6352,NGC6352,3,148,36.7093,0.127,0.006,0.127,0.008,0.128,0.008,-0.0158100316200631
NGC6352,NGC6352,4,147,51.0471,0.116,0.005,0.121,0.008,0.111,0.007,0.1584591216446963
NGC6352,NGC6352,5,147,63.721,0.12,0.005,0.122,0.007,0.119,0.007,0.0485756517065305
NGC6352,NGC6352,6,147,76.8893,0.128,0.006,0.127,0.008,0.127,0.008,0.0
NGC6362,NGC6362,1,110,16.6287,0.099,0.005,0.1,0.007,0.101,0.007,-0.0201
NGC6362,NGC6362,2,110,31.3639,0.093,0.005,0.095,0.007,0.092,0.007,0.0621606648199446
NGC6362,NGC6362,3,110,41.0135,0.099,0.005,0.096,0.007,0.102,0.007,-0.1289062499999997
NGC6362,NGC6362,4,110,49.849,0.094,0.005,0.095,0.007,0.091,0.007,0.0824376731301939
NGC6362,NGC6362,5,109,56.8535,0.097,0.005,0.102,0.008,0.092,0.007,0.1864667435601691
NGC6362,NGC6362,6,109,63.9951,0.093,0.005,0.093,0.007,0.094,0.007,-0.0216209966470111
NGC6362,NGC6362,7,109,72.2938,0.088,0.005,0.087,0.006,0.09,0.007,-0.070154577883472
NGC6362,NGC6362,8,109,78.9673,0.095,0.005,0.094,0.007,0.094,0.007,0.0
NGC6362,NGC6362,9,109,87.6694,0.092,0.005,0.098,0.007,0.088,0.007,0.1936693044564766
NGC6362,NGC6362,10,109,97.4544,0.098,0.005,0.097,0.007,0.1,0.008,-0.0628122010840686
NGC6366,NGC6366,1,95,35.8006,0.141,0.008,0.147,0.012,0.136,0.012,0.1440603452265257
NGC6366,NGC6366,2,95,61.1099,0.147,0.009,0.154,0.013,0.143,0.012,0.1377551020408165
NGC6366,NGC6366,3,95,83.4589,0.155,0.009,0.148,0.013,0.156,0.013,-0.1110299488677868
NGC6397,NGC6397,1,42,6.2001,0.458,0.036,0.464,0.053,0.465,0.054,-0.0043149895957195
NGC6397,NGC6397,2,96,20.3448,0.437,0.023,0.42,0.031,0.458,0.034,-0.189138321995465
NGC6397,NGC6397,3,96,37.0409,0.445,0.024,0.438,0.032,0.451,0.034,-0.0602416546777591
NGC6397,NGC6397,4,96,50.6277,0.446,0.024,0.443,0.033,0.455,0.035,-0.0549098339354596
NGC6397,NGC6397,5,96,63.6012,0.382,0.02,0.371,0.028,0.398,0.03,-0.1508489476246179
NGC6397,NGC6397,6,96,80.9735,0.461,0.024,0.458,0.035,0.459,0.034,-0.0043715794893308
NGC6397,NGC6397,7,95,98.8607,0.354,0.02,0.353,0.028,0.358,0.028,-0.0285292394610343
