cluster_id,cluster_name_raw,radius_arcsec,N_stars,sigma_kms,sigma_err_up_kms,sigma_err_low_kms,data_type
NGC0104,NGC 104,6.45,200.0,11.54,0.61,0.57,RV
NGC0104,NGC 104,8.02,23.0,14.14,1.52,1.52,LI22
NGC0104,NGC 104,11.67,200.0,12.57,0.67,0.61,RV
NGC0104,NGC 104,16.61,269.0,12.52,0.39,0.39,LI22
NGC0104,NGC 104,21.42,400.0,11.61,0.44,0.41,RV
NGC0104,NGC 104,22.7,386.0,12.75,0.32,0.32,LI22
NGC0104,NGC 104,25.61,400.0,11.23,0.42,0.4,RV
NGC0104,NGC 104,26.65,386.0,12.02,0.3,0.3,LI22
NGC0104,NGC 104,30.15,386.0,12.67,0.32,0.32,LI22
NGC0104,NGC 104,30.99,800.0,11.19,0.29,0.28,RV
NGC0104,NGC 104,33.89,386.0,12.19,0.32,0.32,LI22
NGC0104,NGC 104,37.17,800.0,11.68,0.31,0.29,RV
NGC0104,NGC 104,37.41,386.0,11.72,0.3,0.3,LI22
NGC0104,NGC 104,40.99,386.0,12.15,0.3,0.3,LI22
NGC0104,NGC 104,42.75,800.0,11.06,0.29,0.28,RV
NGC0104,NGC 104,44.54,386.0,12.02,0.3,0.3,LI22
NGC0104,NGC 104,47.91,800.0,11.64,0.3,0.3,RV
NGC0104,NGC 104,48.13,386.0,12.11,0.3,0.3,LI22
NGC0104,NGC 104,51.74,386.0,11.57,0.28,0.28,LI22
NGC0104,NGC 104,53.01,800.0,11.2,0.3,0.28,RV
NGC0104,NGC 104,55.6,386.0,11.89,0.3,0.3,LI22
NGC0104,NGC 104,58.69,800.0,11.02,0.29,0.28,RV
NGC0104,NGC 104,59.19,386.0,11.36,0.28,0.28,LI22
NGC0104,NGC 104,62.97,386.0,11.79,0.3,0.3,LI22
NGC0104,NGC 104,65.22,800.0,10.81,0.28,0.27,RV
NGC0104,NGC 104,66.92,386.0,11.89,0.3,0.3,LI22
NGC0104,NGC 104,70.62,386.0,11.74,0.3,0.3,LI22
NGC0104,NGC 104,74.41,800.0,11.14,0.29,0.28,RV
NGC0104,NGC 104,74.91,386.0,11.64,0.3,0.3,LI22
NGC0104,NGC 104,79.12,386.0,11.4,0.28,0.28,LI22
NGC0104,NGC 104,79.14,200.0,10.66,0.57,0.53,RV
NGC0104,NGC 104,82.17,200.0,11.0,0.59,0.54,RV
NGC0104,NGC 104,83.76,385.0,11.53,0.3,0.3,LI22
NGC0104,NGC 104,85.38,200.0,10.25,0.55,0.51,RV
NGC0104,NGC 104,88.94,385.0,11.19,0.28,0.28,LI22
NGC0104,NGC 104,94.5,385.0,11.38,0.3,0.3,LI22
NGC0104,NGC 104,100.0,385.0,10.97,0.28,0.28,LI22
NGC0104,NGC 104,106.31,385.0,10.69,0.28,0.28,LI22
NGC0104,NGC 104,109.85,200.0,9.38,0.5,0.46,RV
NGC0104,NGC 104,113.47,385.0,10.48,0.28,0.28,LI22
NGC0104,NGC 104,121.58,385.0,10.42,0.26,0.26,LI22
NGC0104,NGC 104,130.1,385.0,10.33,0.26,0.26,LI22
NGC0104,NGC 104,140.63,385.0,10.18,0.26,0.26,LI22
NGC0104,NGC 104,151.14,200.0,9.54,0.5,0.47,RV
NGC0104,NGC 104,158.59,385.0,9.86,0.26,0.26,LI22
NGC0104,NGC 104,174.75,700.0,9.14,0.26,0.24,VB21
NGC0104,NGC 104,194.71,200.0,9.05,0.48,0.44,RV
NGC0104,NGC 104,223.74,700.0,8.62,0.24,0.24,VB21
NGC0104,NGC 104,244.11,200.0,8.19,0.44,0.41,RV
NGC0104,NGC 104,263.81,700.0,8.26,0.24,0.23,VB21
NGC0104,NGC 104,292.48,200.0,8.62,0.46,0.43,RV
NGC0104,NGC 104,298.44,700.0,8.08,0.23,0.22,VB21
NGC0104,NGC 104,329.37,700.0,7.73,0.22,0.21,VB21
NGC0104,NGC 104,334.58,200.0,8.12,0.44,0.4,RV
NGC0104,NGC 104,356.93,700.0,7.82,0.23,0.21,VB21
NGC0104,NGC 104,377.02,200.0,8.01,0.43,0.39,RV
NGC0104,NGC 104,383.7,700.0,7.07,0.23,0.22,VB21
NGC0104,NGC 104,410.27,700.0,7.48,0.21,0.21,VB21
NGC0104,NGC 104,422.41,200.0,7.74,0.41,0.38,RV
NGC0104,NGC 104,435.65,700.0,7.49,0.22,0.21,VB21
NGC0104,NGC 104,459.74,700.0,7.05,0.21,0.2,VB21
NGC0104,NGC 104,467.44,200.0,7.29,0.4,0.35,RV
NGC0104,NGC 104,486.26,700.0,7.26,0.21,0.2,VB21
NGC0104,NGC 104,512.59,700.0,6.69,0.21,0.21,VB21
NGC0104,NGC 104,517.71,200.0,7.34,0.39,0.36,RV
NGC0104,NGC 104,542.26,700.0,6.79,0.2,0.2,VB21
NGC0104,NGC 104,571.44,700.0,6.77,0.2,0.19,VB21
NGC0104,NGC 104,573.74,200.0,6.29,0.34,0.31,RV
NGC0104,NGC 104,601.09,700.0,6.26,0.18,0.18,VB21
NGC0104,NGC 104,632.46,700.0,6.23,0.18,0.18,VB21
NGC0104,NGC 104,642.08,200.0,6.61,0.35,0.33,RV
NGC0104,NGC 104,665.91,700.0,6.2,0.18,0.18,VB21
NGC0104,NGC 104,703.64,700.0,5.79,0.18,0.17,VB21
NGC0104,NGC 104,726.12,200.0,5.59,0.31,0.28,RV
NGC0104,NGC 104,746.39,700.0,5.86,0.18,0.17,VB21
NGC0104,NGC 104,796.54,700.0,5.91,0.18,0.17,VB21
NGC0104,NGC 104,831.35,200.0,5.44,0.31,0.28,RV
NGC0104,NGC 104,851.91,700.0,5.73,0.18,0.17,VB21
NGC0104,NGC 104,919.44,700.0,5.2,0.15,0.15,VB21
NGC0104,NGC 104,971.75,200.0,5.16,0.29,0.27,RV
NGC0104,NGC 104,991.01,700.0,5.26,0.16,0.15,VB21
NGC0104,NGC 104,1076.29,700.0,5.2,0.15,0.15,VB21
NGC0104,NGC 104,1137.84,300.0,4.89,0.21,0.2,VB21
NGC0104,NGC 104,1180.7,200.0,4.24,0.25,0.24,RV
NGC0104,NGC 104,1421.25,42.0,3.81,0.6,0.5,VB21
NGC0104,NGC 104,1705.71,168.0,3.87,0.25,0.23,RV
NGC0288,NGC 288,13.89,42.0,3.15,0.3,0.3,LI22
NGC0288,NGC 288,32.0,112.0,2.9,0.17,0.17,LI22
NGC0288,NGC 288,48.9,111.0,2.9,0.17,0.17,LI22
NGC0288,NGC 288,49.25,85.0,2.86,0.25,0.22,RV
NGC0288,NGC 288,54.84,400.0,3.75,0.3,0.29,VB21
NGC0288,NGC 288,67.04,111.0,2.68,0.17,0.17,LI22
NGC0288,NGC 288,80.8,111.0,2.9,0.17,0.17,LI22
NGC0288,NGC 288,94.1,85.0,2.65,0.23,0.2,RV
NGC0288,NGC 288,108.61,400.0,3.22,0.31,0.29,VB21
NGC0288,NGC 288,137.21,85.0,2.74,0.24,0.21,RV
NGC0288,NGC 288,158.33,400.0,2.63,0.33,0.32,VB21
NGC0288,NGC 288,188.51,85.0,2.49,0.22,0.2,RV
NGC0288,NGC 288,212.86,400.0,1.76,0.31,0.3,VB21
NGC0288,NGC 288,246.57,85.0,2.57,0.24,0.21,RV
NGC0288,NGC 288,292.71,400.0,2.61,0.33,0.33,VB21
NGC0288,NGC 288,350.01,85.0,1.88,0.19,0.16,RV
NGC0288,NGC 288,442.62,150.0,2.1,0.56,0.54,VB21
NGC0288,NGC 288,639.1,39.0,1.45,0.26,0.22,RV
NGC0362,NGC 362,6.3,200.0,7.49,0.41,0.38,RV
NGC0362,NGC 362,7.12,147.0,8.25,0.33,0.33,LI22
NGC0362,NGC 362,12.31,178.0,8.16,0.29,0.29,LI22
NGC0362,NGC 362,12.92,200.0,7.96,0.43,0.41,RV
NGC0362,NGC 362,16.1,178.0,7.7,0.29,0.29,LI22
NGC0362,NGC 362,17.54,200.0,7.46,0.42,0.38,RV
NGC0362,NGC 362,19.56,178.0,7.74,0.29,0.29,LI22
NGC0362,NGC 362,21.48,200.0,7.65,0.42,0.39,RV
NGC0362,NGC 362,22.64,178.0,7.87,0.29,0.29,LI22
NGC0362,NGC 362,25.86,178.0,7.87,0.29,0.29,LI22
NGC0362,NGC 362,26.19,200.0,7.22,0.39,0.36,RV
NGC0362,NGC 362,29.07,178.0,8.04,0.29,0.29,LI22
NGC0362,NGC 362,30.75,200.0,7.65,0.42,0.4,RV
NGC0362,NGC 362,32.34,178.0,7.28,0.29,0.29,LI22
NGC0362,NGC 362,35.68,178.0,7.49,0.29,0.29,LI22
NGC0362,NGC 362,35.97,200.0,6.73,0.38,0.36,RV
NGC0362,NGC 362,39.1,178.0,7.28,0.29,0.29,LI22
NGC0362,NGC 362,42.11,200.0,7.05,0.4,0.38,RV
NGC0362,NGC 362,43.12,177.0,7.45,0.29,0.29,LI22
NGC0362,NGC 362,47.11,177.0,7.58,0.29,0.29,LI22
NGC0362,NGC 362,48.78,200.0,6.31,0.38,0.34,RV
NGC0362,NGC 362,51.87,177.0,6.99,0.25,0.25,LI22
NGC0362,NGC 362,55.45,200.0,7.31,0.47,0.44,VB21
NGC0362,NGC 362,56.62,177.0,6.95,0.25,0.25,LI22
NGC0362,NGC 362,59.16,200.0,6.34,0.37,0.33,RV
NGC0362,NGC 362,61.94,177.0,6.74,0.25,0.25,LI22
NGC0362,NGC 362,66.94,177.0,6.57,0.25,0.25,LI22
NGC0362,NGC 362,72.89,177.0,6.7,0.25,0.25,LI22
NGC0362,NGC 362,79.08,177.0,6.99,0.29,0.29,LI22
NGC0362,NGC 362,80.2,100.0,6.79,0.56,0.5,RV
NGC0362,NGC 362,90.8,177.0,6.03,0.25,0.25,LI22
NGC0362,NGC 362,95.5,200.0,6.89,0.4,0.38,VB21
NGC0362,NGC 362,127.51,100.0,6.3,0.49,0.43,RV
NGC0362,NGC 362,136.58,200.0,5.92,0.37,0.34,VB21
NGC0362,NGC 362,177.21,50.0,4.84,0.54,0.46,RV
NGC0362,NGC 362,197.69,200.0,5.11,0.33,0.3,VB21
NGC0362,NGC 362,231.35,50.0,4.16,0.46,0.4,RV
NGC0362,NGC 362,304.85,50.0,3.52,0.4,0.33,RV
NGC0362,NGC 362,326.55,144.0,3.71,0.29,0.27,VB21
NGC0362,NGC 362,518.44,31.0,3.29,0.48,0.4,RV
NGC1261,NGC 1261,3.11,49.0,5.83,0.47,0.47,LI22
NGC1261,NGC 1261,7.83,131.0,5.68,0.23,0.23,LI22
NGC1261,NGC 1261,12.07,147.0,5.52,0.23,0.23,LI22
NGC1261,NGC 1261,15.38,52.0,4.5,0.52,0.45,RV
NGC1261,NGC 1261,15.85,147.0,5.52,0.23,0.23,LI22
NGC1261,NGC 1261,18.63,147.0,4.82,0.23,0.23,LI22
NGC1261,NGC 1261,21.85,161.0,4.9,0.23,0.23,LI22
NGC1261,NGC 1261,24.74,161.0,5.21,0.23,0.23,LI22
NGC1261,NGC 1261,27.56,161.0,5.13,0.23,0.23,LI22
NGC1261,NGC 1261,30.96,161.0,4.9,0.23,0.23,LI22
NGC1261,NGC 1261,34.54,160.0,4.82,0.23,0.23,LI22
NGC1261,NGC 1261,38.15,160.0,4.98,0.23,0.23,LI22
NGC1261,NGC 1261,42.02,160.0,4.9,0.23,0.23,LI22
NGC1261,NGC 1261,42.34,52.0,3.79,0.41,0.35,RV
NGC1261,NGC 1261,46.5,160.0,4.51,0.23,0.23,LI22
NGC1261,NGC 1261,50.73,160.0,4.35,0.16,0.16,LI22
NGC1261,NGC 1261,56.41,160.0,4.12,0.16,0.16,LI22
NGC1261,NGC 1261,62.03,160.0,4.2,0.16,0.16,LI22
NGC1261,NGC 1261,68.36,160.0,4.35,0.16,0.16,LI22
NGC1261,NGC 1261,68.68,52.0,3.96,0.44,0.37,RV
NGC1261,NGC 1261,75.68,160.0,4.12,0.16,0.16,LI22
NGC1261,NGC 1261,85.08,160.0,4.04,0.16,0.16,LI22
NGC1261,NGC 1261,93.22,52.0,3.83,0.42,0.36,RV
NGC1261,NGC 1261,99.66,160.0,3.58,0.16,0.16,LI22
NGC1261,NGC 1261,100.0,100.0,4.5,0.42,0.37,VB21
NGC1261,NGC 1261,136.58,52.0,3.29,0.36,0.31,RV
NGC1261,NGC 1261,213.83,52.0,2.71,0.3,0.26,RV
NGC1261,NGC 1261,284.1,54.0,2.87,0.44,0.38,VB21
NGC1261,NGC 1261,445.77,33.0,2.25,0.34,0.28,RV
NGC1851,NGC 1851,4.35,28.0,10.48,1.08,1.08,LI22
NGC1851,NGC 1851,8.26,122.0,9.86,0.45,0.45,LI22
NGC1851,NGC 1851,9.43,200.0,10.21,0.55,0.51,RV
NGC1851,NGC 1851,11.08,400.0,9.11,0.35,0.32,RV
NGC1851,NGC 1851,12.34,216.0,9.01,0.34,0.34,LI22
NGC1851,NGC 1851,12.7,200.0,8.37,0.46,0.42,RV
NGC1851,NGC 1851,15.73,215.0,8.55,0.28,0.28,LI22
NGC1851,NGC 1851,16.11,400.0,8.11,0.32,0.3,RV
NGC1851,NGC 1851,18.41,215.0,8.61,0.28,0.28,LI22
NGC1851,NGC 1851,20.1,400.0,8.12,0.31,0.3,RV
NGC1851,NGC 1851,21.54,248.0,8.5,0.28,0.28,LI22
NGC1851,NGC 1851,23.85,400.0,7.61,0.3,0.28,RV
NGC1851,NGC 1851,24.72,248.0,8.04,0.28,0.28,LI22
NGC1851,NGC 1851,27.6,400.0,8.04,0.31,0.29,RV
NGC1851,NGC 1851,28.23,248.0,7.76,0.23,0.23,LI22
NGC1851,NGC 1851,30.91,400.0,7.23,0.29,0.28,RV
NGC1851,NGC 1851,31.53,248.0,7.53,0.28,0.28,LI22
NGC1851,NGC 1851,34.06,400.0,7.45,0.29,0.28,RV
NGC1851,NGC 1851,34.87,248.0,7.19,0.23,0.23,LI22
NGC1851,NGC 1851,37.28,400.0,7.49,0.3,0.28,RV
NGC1851,NGC 1851,38.35,248.0,7.7,0.28,0.28,LI22
NGC1851,NGC 1851,40.5,400.0,7.25,0.29,0.27,RV
NGC1851,NGC 1851,41.86,248.0,7.14,0.23,0.23,LI22
NGC1851,NGC 1851,43.62,400.0,6.47,0.27,0.25,RV
NGC1851,NGC 1851,46.08,248.0,7.14,0.23,0.23,LI22
NGC1851,NGC 1851,46.9,400.0,6.92,0.28,0.26,RV
NGC1851,NGC 1851,50.12,248.0,6.74,0.23,0.23,LI22
NGC1851,NGC 1851,50.31,400.0,7.21,0.29,0.27,RV
NGC1851,NGC 1851,54.45,248.0,6.46,0.23,0.23,LI22
NGC1851,NGC 1851,54.47,400.0,6.94,0.29,0.27,RV
NGC1851,NGC 1851,59.55,247.0,6.8,0.23,0.23,LI22
NGC1851,NGC 1851,65.9,400.0,6.56,0.26,0.25,RV
NGC1851,NGC 1851,66.38,247.0,6.4,0.23,0.23,LI22
NGC1851,NGC 1851,73.01,247.0,6.18,0.23,0.23,LI22
NGC1851,NGC 1851,81.33,247.0,6.01,0.23,0.23,LI22
NGC1851,NGC 1851,89.9,247.0,5.72,0.23,0.23,LI22
NGC1851,NGC 1851,89.95,85.0,6.02,0.56,0.5,VB21
NGC1851,NGC 1851,113.17,100.0,5.36,0.42,0.37,RV
NGC1851,NGC 1851,128.27,85.0,6.22,0.61,0.54,VB21
NGC1851,NGC 1851,158.66,100.0,5.08,0.4,0.35,RV
NGC1851,NGC 1851,164.0,85.0,4.3,0.48,0.43,VB21
NGC1851,NGC 1851,208.56,85.0,4.15,0.48,0.44,VB21
NGC1851,NGC 1851,218.72,100.0,4.17,0.33,0.29,RV
NGC1851,NGC 1851,305.71,85.0,3.49,0.46,0.42,VB21
NGC1851,NGC 1851,309.04,100.0,3.73,0.31,0.27,RV
NGC1851,NGC 1851,520.58,37.0,2.42,0.68,0.62,VB21
NGC1851,NGC 1851,535.07,100.0,2.88,0.26,0.23,RV
NGC1851,NGC 1851,1283.92,20.0,2.35,0.6,0.49,RV
NGC2298,NGC 2298,6.01,48.0,3.96,0.33,0.33,LI22
NGC2298,NGC 2298,14.39,59.0,3.59,0.28,0.28,LI22
NGC2298,NGC 2298,23.12,21.0,3.52,0.68,0.53,RV
NGC2298,NGC 2298,25.63,51.0,3.49,0.28,0.28,LI22
NGC2298,NGC 2298,37.32,51.0,3.45,0.28,0.28,LI22
NGC2298,NGC 2298,53.71,51.0,3.03,0.23,0.23,LI22
NGC2298,NGC 2298,61.7,100.0,3.04,0.35,0.32,VB21
NGC2298,NGC 2298,86.71,50.0,2.75,0.23,0.23,LI22
NGC2298,NGC 2298,101.86,21.0,2.92,0.59,0.46,RV
NGC2298,NGC 2298,122.11,100.0,2.31,0.3,0.27,VB21
NGC2298,NGC 2298,196.89,48.0,1.58,0.53,0.5,VB21
NGC2808,NGC 2808,3.48,64.0,14.78,0.95,0.95,LI22
NGC2808,NGC 2808,5.78,200.0,13.33,0.7,0.65,RV
NGC2808,NGC 2808,7.89,130.0,13.59,0.62,0.62,LI22
NGC2808,NGC 2808,11.05,200.0,12.59,0.67,0.61,RV
NGC2808,NGC 2808,13.02,204.0,13.21,0.48,0.48,LI22
NGC2808,NGC 2808,16.72,400.0,12.39,0.47,0.44,RV
NGC2808,NGC 2808,17.74,204.0,13.45,0.48,0.48,LI22
NGC2808,NGC 2808,22.48,400.0,13.38,0.5,0.47,RV
NGC2808,NGC 2808,23.5,370.0,13.11,0.38,0.38,LI22
NGC2808,NGC 2808,28.19,400.0,12.71,0.48,0.45,RV
NGC2808,NGC 2808,29.16,370.0,12.69,0.33,0.33,LI22
NGC2808,NGC 2808,33.39,370.0,12.4,0.33,0.33,LI22
NGC2808,NGC 2808,33.44,400.0,13.16,0.49,0.47,RV
NGC2808,NGC 2808,37.19,370.0,12.45,0.33,0.33,LI22
NGC2808,NGC 2808,38.91,400.0,12.44,0.47,0.44,RV
NGC2808,NGC 2808,40.67,370.0,11.83,0.33,0.33,LI22
NGC2808,NGC 2808,43.88,370.0,12.21,0.33,0.33,LI22
NGC2808,NGC 2808,43.92,400.0,11.17,0.42,0.4,RV
NGC2808,NGC 2808,46.5,370.0,11.73,0.33,0.33,LI22
NGC2808,NGC 2808,48.74,400.0,12.16,0.46,0.43,RV
NGC2808,NGC 2808,49.49,370.0,11.59,0.29,0.29,LI22
NGC2808,NGC 2808,52.58,370.0,11.83,0.33,0.33,LI22
NGC2808,NGC 2808,54.63,400.0,11.86,0.45,0.42,RV
NGC2808,NGC 2808,55.59,370.0,11.21,0.29,0.29,LI22
NGC2808,NGC 2808,58.67,370.0,11.11,0.29,0.29,LI22
NGC2808,NGC 2808,61.82,370.0,11.06,0.29,0.29,LI22
NGC2808,NGC 2808,65.21,370.0,11.16,0.29,0.29,LI22
NGC2808,NGC 2808,65.49,200.0,10.87,0.58,0.54,RV
NGC2808,NGC 2808,68.5,370.0,10.68,0.29,0.29,LI22
NGC2808,NGC 2808,72.13,370.0,11.02,0.29,0.29,LI22
NGC2808,NGC 2808,76.24,370.0,10.25,0.29,0.29,LI22
NGC2808,NGC 2808,80.71,370.0,9.87,0.29,0.29,LI22
NGC2808,NGC 2808,85.54,370.0,10.11,0.29,0.29,LI22
NGC2808,NGC 2808,91.46,369.0,9.59,0.24,0.24,LI22
NGC2808,NGC 2808,96.21,200.0,9.42,0.5,0.46,RV
NGC2808,NGC 2808,101.55,369.0,9.06,0.24,0.24,LI22
NGC2808,NGC 2808,142.52,200.0,8.48,0.45,0.42,RV
NGC2808,NGC 2808,151.02,250.0,8.38,0.42,0.39,VB21
NGC2808,NGC 2808,189.2,100.0,7.55,0.58,0.51,RV
NGC2808,NGC 2808,204.88,250.0,7.75,0.4,0.37,VB21
NGC2808,NGC 2808,226.31,100.0,8.06,0.61,0.55,RV
NGC2808,NGC 2808,262.53,250.0,6.68,0.36,0.33,VB21
NGC2808,NGC 2808,272.93,100.0,7.81,0.6,0.53,RV
NGC2808,NGC 2808,339.21,100.0,6.82,0.53,0.47,RV
NGC2808,NGC 2808,363.86,250.0,5.69,0.32,0.3,VB21
NGC2808,NGC 2808,491.25,52.0,5.32,0.58,0.49,RV
NGC2808,NGC 2808,526.8,104.0,4.59,0.44,0.4,VB21
NGC3201,NGC 3201,9.22,200.0,4.53,0.27,0.25,RV
NGC3201,NGC 3201,14.96,44.0,4.15,0.34,0.34,LI22
NGC3201,NGC 3201,16.81,200.0,4.38,0.25,0.24,RV
NGC3201,NGC 3201,23.71,400.0,4.32,0.18,0.17,RV
NGC3201,NGC 3201,30.92,400.0,4.24,0.18,0.16,RV
NGC3201,NGC 3201,32.65,152.0,4.11,0.18,0.18,LI22
NGC3201,NGC 3201,37.42,400.0,4.25,0.17,0.17,RV
NGC3201,NGC 3201,43.4,400.0,4.23,0.18,0.17,RV
NGC3201,NGC 3201,47.92,152.0,4.04,0.16,0.16,LI22
NGC3201,NGC 3201,48.97,400.0,4.26,0.18,0.17,RV
NGC3201,NGC 3201,53.35,300.0,4.37,0.21,0.19,VB21
NGC3201,NGC 3201,54.8,400.0,4.55,0.19,0.18,RV
NGC3201,NGC 3201,63.61,152.0,4.18,0.18,0.18,LI22
NGC3201,NGC 3201,72.95,400.0,4.13,0.18,0.17,RV
NGC3201,NGC 3201,78.87,152.0,3.86,0.16,0.16,LI22
NGC3201,NGC 3201,97.62,152.0,4.49,0.2,0.2,LI22
NGC3201,NGC 3201,98.33,300.0,4.34,0.21,0.19,VB21
NGC3201,NGC 3201,132.94,300.0,4.17,0.21,0.19,VB21
NGC3201,NGC 3201,149.37,100.0,4.36,0.35,0.31,RV
NGC3201,NGC 3201,165.89,300.0,4.08,0.2,0.19,VB21
NGC3201,NGC 3201,202.09,300.0,3.96,0.19,0.19,VB21
NGC3201,NGC 3201,211.74,100.0,3.8,0.29,0.26,RV
NGC3201,NGC 3201,244.33,300.0,3.55,0.19,0.17,VB21
NGC3201,NGC 3201,286.48,300.0,3.31,0.17,0.16,VB21
NGC3201,NGC 3201,288.03,100.0,3.09,0.25,0.22,RV
NGC3201,NGC 3201,340.71,300.0,3.04,0.17,0.15,VB21
NGC3201,NGC 3201,378.91,100.0,3.29,0.28,0.25,RV
NGC3201,NGC 3201,400.33,300.0,2.93,0.17,0.15,VB21
NGC3201,NGC 3201,475.08,300.0,2.97,0.17,0.15,VB21
NGC3201,NGC 3201,479.09,100.0,3.08,0.25,0.23,RV
NGC3201,NGC 3201,563.06,300.0,2.95,0.17,0.16,VB21
NGC3201,NGC 3201,612.25,100.0,2.7,0.22,0.2,RV
NGC3201,NGC 3201,672.7,300.0,2.95,0.17,0.15,VB21
NGC3201,NGC 3201,784.96,100.0,2.32,0.2,0.18,RV
NGC3201,NGC 3201,896.91,300.0,2.66,0.15,0.13,VB21
NGC3201,NGC 3201,1013.85,100.0,2.16,0.19,0.17,RV
NGC3201,NGC 3201,1356.85,100.0,2.29,0.2,0.18,RV
NGC3201,NGC 3201,1976.14,80.0,2.35,0.23,0.21,RV
NGC4590,NGC 4590,13.59,69.0,3.75,0.25,0.25,LI22
NGC4590,NGC 4590,29.15,84.0,3.8,0.25,0.25,LI22
NGC4590,NGC 4590,44.45,84.0,3.55,0.25,0.25,LI22
NGC4590,NGC 4590,47.19,70.0,3.5,0.33,0.29,RV
NGC4590,NGC 4590,58.02,83.0,3.75,0.25,0.25,LI22
NGC4590,NGC 4590,75.99,83.0,3.26,0.2,0.2,LI22
NGC4590,NGC 4590,92.39,160.0,3.21,0.29,0.27,VB21
NGC4590,NGC 4590,125.97,70.0,2.82,0.27,0.23,RV
NGC4590,NGC 4590,173.76,160.0,2.34,0.28,0.26,VB21
NGC4590,NGC 4590,240.14,70.0,2.35,0.23,0.2,RV
NGC4590,NGC 4590,332.94,138.0,1.74,0.24,0.23,VB21
NGC4590,NGC 4590,534.44,52.0,1.89,0.23,0.2,RV
NGC4833,NGC 4833,7.18,41.0,6.48,0.55,0.55,LI22
NGC4833,NGC 4833,15.52,135.0,5.93,0.28,0.28,LI22
NGC4833,NGC 4833,24.26,171.0,5.93,0.25,0.25,LI22
NGC4833,NGC 4833,27.33,37.0,6.04,0.83,0.68,RV
NGC4833,NGC 4833,32.02,171.0,6.11,0.25,0.25,LI22
NGC4833,NGC 4833,39.51,171.0,5.93,0.22,0.22,LI22
NGC4833,NGC 4833,47.1,171.0,5.96,0.25,0.25,LI22
NGC4833,NGC 4833,53.68,171.0,5.38,0.22,0.22,LI22
NGC4833,NGC 4833,60.64,171.0,5.5,0.22,0.22,LI22
NGC4833,NGC 4833,67.2,171.0,5.34,0.22,0.22,LI22
NGC4833,NGC 4833,74.43,171.0,5.07,0.22,0.22,LI22
NGC4833,NGC 4833,81.37,171.0,5.25,0.22,0.22,LI22
NGC4833,NGC 4833,83.24,37.0,5.1,0.66,0.55,RV
NGC4833,NGC 4833,91.19,170.0,5.47,0.22,0.22,LI22
NGC4833,NGC 4833,120.78,220.0,5.16,0.29,0.26,VB21
NGC4833,NGC 4833,131.88,37.0,3.79,0.5,0.42,RV
NGC4833,NGC 4833,172.26,220.0,4.75,0.28,0.25,VB21
NGC4833,NGC 4833,192.37,37.0,3.38,0.47,0.39,RV
NGC4833,NGC 4833,214.63,220.0,4.49,0.27,0.25,VB21
NGC4833,NGC 4833,275.76,220.0,3.47,0.23,0.21,VB21
NGC4833,NGC 4833,324.07,28.0,3.56,0.56,0.45,RV
NGC4833,NGC 4833,360.73,88.0,3.28,0.35,0.32,VB21
NGC5024,NGC 5024,7.58,80.0,7.28,0.44,0.44,LI22
NGC5024,NGC 5024,14.7,231.0,6.66,0.26,0.26,LI22
NGC5024,NGC 5024,20.73,231.0,6.93,0.26,0.26,LI22
NGC5024,NGC 5024,25.37,231.0,6.49,0.26,0.26,LI22
NGC5024,NGC 5024,30.2,231.0,6.93,0.26,0.26,LI22
NGC5024,NGC 5024,34.65,231.0,6.4,0.26,0.26,LI22
NGC5024,NGC 5024,38.05,231.0,6.66,0.26,0.26,LI22
NGC5024,NGC 5024,42.42,231.0,6.31,0.26,0.26,LI22
NGC5024,NGC 5024,43.3,70.0,5.73,0.55,0.48,RV
NGC5024,NGC 5024,46.26,231.0,6.05,0.26,0.26,LI22
NGC5024,NGC 5024,50.41,231.0,6.66,0.26,0.26,LI22
NGC5024,NGC 5024,55.04,231.0,5.88,0.18,0.18,LI22
NGC5024,NGC 5024,59.98,231.0,5.61,0.18,0.18,LI22
NGC5024,NGC 5024,64.97,231.0,5.61,0.18,0.18,LI22
NGC5024,NGC 5024,70.87,230.0,5.79,0.18,0.18,LI22
NGC5024,NGC 5024,71.21,250.0,5.98,0.32,0.31,P22
NGC5024,NGC 5024,78.79,230.0,5.96,0.26,0.26,LI22
NGC5024,NGC 5024,88.13,230.0,5.44,0.18,0.18,LI22
NGC5024,NGC 5024,98.46,250.0,5.17,0.29,0.27,P22
NGC5024,NGC 5024,100.79,230.0,5.26,0.18,0.18,LI22
NGC5024,NGC 5024,107.05,150.0,5.21,0.46,0.43,VB21
NGC5024,NGC 5024,117.7,70.0,4.06,0.41,0.35,RV
NGC5024,NGC 5024,124.39,107.0,5.16,0.46,0.41,P22
NGC5024,NGC 5024,216.19,70.0,3.46,0.35,0.3,RV
NGC5024,NGC 5024,228.54,150.0,3.79,0.43,0.4,VB21
NGC5024,NGC 5024,328.41,70.0,3.81,0.38,0.33,RV
NGC5024,NGC 5024,384.43,58.0,2.72,0.74,0.69,VB21
NGC5024,NGC 5024,614.24,58.0,2.24,0.25,0.21,RV
NGC5053,NGC 5053,58.77,48.0,2.19,0.75,0.78,P22
NGC5053,NGC 5053,118.92,28.0,1.47,0.25,0.19,RV
NGC5053,NGC 5053,307.27,27.0,1.12,0.21,0.17,RV
NGC5272,NGC 5272,6.82,114.0,8.3,0.43,0.43,LI22
NGC5272,NGC 5272,12.86,70.0,7.26,0.68,0.59,RV
NGC5272,NGC 5272,13.97,209.0,8.1,0.34,0.34,LI22
NGC5272,NGC 5272,19.71,209.0,7.77,0.29,0.29,LI22
NGC5272,NGC 5272,24.77,209.0,7.72,0.29,0.29,LI22
NGC5272,NGC 5272,28.75,209.0,7.52,0.29,0.29,LI22
NGC5272,NGC 5272,32.78,209.0,7.77,0.29,0.29,LI22
NGC5272,NGC 5272,37.1,209.0,7.48,0.29,0.29,LI22
NGC5272,NGC 5272,39.55,70.0,8.3,0.77,0.66,RV
NGC5272,NGC 5272,41.07,208.0,7.24,0.29,0.29,LI22
NGC5272,NGC 5272,44.8,208.0,7.14,0.29,0.29,LI22
NGC5272,NGC 5272,48.87,208.0,7.72,0.29,0.29,LI22
NGC5272,NGC 5272,52.92,208.0,7.14,0.24,0.24,LI22
NGC5272,NGC 5272,56.6,208.0,7.24,0.29,0.29,LI22
NGC5272,NGC 5272,61.15,208.0,6.85,0.24,0.24,LI22
NGC5272,NGC 5272,65.79,208.0,6.99,0.24,0.24,LI22
NGC5272,NGC 5272,70.89,70.0,6.22,0.58,0.5,RV
NGC5272,NGC 5272,71.75,208.0,7.28,0.29,0.29,LI22
NGC5272,NGC 5272,77.63,208.0,6.61,0.24,0.24,LI22
NGC5272,NGC 5272,89.71,208.0,6.66,0.24,0.24,LI22
NGC5272,NGC 5272,103.24,70.0,6.32,0.59,0.52,RV
NGC5272,NGC 5272,122.98,125.0,5.52,0.41,0.37,VB21
NGC5272,NGC 5272,141.58,70.0,5.44,0.51,0.44,RV
NGC5272,NGC 5272,165.13,125.0,4.56,0.37,0.33,VB21
NGC5272,NGC 5272,185.91,70.0,4.68,0.46,0.39,RV
NGC5272,NGC 5272,205.56,125.0,4.97,0.39,0.35,VB21
NGC5272,NGC 5272,250.96,70.0,4.29,0.42,0.36,RV
NGC5272,NGC 5272,265.07,125.0,4.44,0.36,0.33,VB21
NGC5272,NGC 5272,337.43,70.0,4.92,0.47,0.41,RV
NGC5272,NGC 5272,339.36,125.0,3.83,0.32,0.3,VB21
NGC5272,NGC 5272,445.01,125.0,3.98,0.35,0.31,VB21
NGC5272,NGC 5272,475.27,70.0,3.65,0.36,0.32,RV
NGC5272,NGC 5272,578.57,33.0,3.09,0.59,0.5,VB21
NGC5272,NGC 5272,670.45,70.0,2.98,0.29,0.24,RV
NGC5272,NGC 5272,1119.1,27.0,2.36,0.4,0.32,RV
NGC5466,NGC 5466,53.63,170.0,1.95,0.26,0.25,P22
NGC5466,NGC 5466,73.0,170.0,1.78,0.29,0.28,VB21
NGC5466,NGC 5466,102.88,158.0,1.24,0.31,0.34,P22
NGC5466,NGC 5466,104.47,33.0,1.41,0.22,0.18,RV
NGC5466,NGC 5466,193.81,154.0,1.38,0.41,0.43,VB21
NGC5466,NGC 5466,413.26,35.0,1.07,0.18,0.15,RV
NGC5897,NGC 5897,25.22,59.0,3.75,0.3,0.3,LI22
NGC5897,NGC 5897,40.56,59.0,3.63,0.3,0.3,LI22
NGC5897,NGC 5897,53.29,59.0,3.39,0.3,0.3,LI22
NGC5897,NGC 5897,63.01,59.0,3.45,0.3,0.3,LI22
NGC5897,NGC 5897,78.84,200.0,2.8,0.33,0.31,VB21
NGC5897,NGC 5897,79.01,58.0,3.27,0.3,0.3,LI22
NGC5897,NGC 5897,86.79,50.0,3.31,0.38,0.32,RV
NGC5897,NGC 5897,160.96,200.0,2.65,0.29,0.27,VB21
NGC5897,NGC 5897,165.4,50.0,2.76,0.32,0.27,RV
NGC5897,NGC 5897,264.05,50.0,2.16,0.26,0.23,RV
NGC5897,NGC 5897,264.67,150.0,2.78,0.42,0.39,VB21
NGC5897,NGC 5897,418.96,10.0,1.52,0.51,0.36,RV
NGC5904,NGC 5904,3.76,54.0,7.3,0.53,0.53,LI22
NGC5904,NGC 5904,7.6,400.0,7.66,0.3,0.29,RV
NGC5904,NGC 5904,7.69,150.0,7.41,0.32,0.32,LI22
NGC5904,NGC 5904,12.85,214.0,6.98,0.25,0.25,LI22
NGC5904,NGC 5904,15.54,400.0,7.29,0.29,0.27,RV
NGC5904,NGC 5904,17.98,214.0,7.69,0.25,0.25,LI22
NGC5904,NGC 5904,21.35,400.0,6.61,0.26,0.25,RV
NGC5904,NGC 5904,21.79,239.0,7.66,0.25,0.25,LI22
NGC5904,NGC 5904,25.53,239.0,7.45,0.25,0.25,LI22
NGC5904,NGC 5904,26.08,400.0,6.86,0.27,0.27,RV
NGC5904,NGC 5904,29.46,239.0,7.2,0.25,0.25,LI22
NGC5904,NGC 5904,30.35,400.0,6.83,0.28,0.26,RV
NGC5904,NGC 5904,33.4,239.0,7.45,0.25,0.25,LI22
NGC5904,NGC 5904,34.53,400.0,7.42,0.3,0.29,RV
NGC5904,NGC 5904,38.22,239.0,7.23,0.25,0.25,LI22
NGC5904,NGC 5904,38.7,400.0,7.47,0.31,0.29,RV
NGC5904,NGC 5904,42.72,239.0,7.45,0.25,0.25,LI22
NGC5904,NGC 5904,43.53,400.0,6.87,0.28,0.27,RV
NGC5904,NGC 5904,47.05,239.0,7.06,0.25,0.25,LI22
NGC5904,NGC 5904,48.67,400.0,7.07,0.29,0.27,RV
NGC5904,NGC 5904,51.76,239.0,7.02,0.25,0.25,LI22
NGC5904,NGC 5904,54.49,400.0,6.75,0.28,0.26,RV
NGC5904,NGC 5904,56.65,238.0,7.37,0.25,0.25,LI22
NGC5904,NGC 5904,61.8,238.0,7.13,0.25,0.25,LI22
NGC5904,NGC 5904,66.6,400.0,6.73,0.27,0.26,RV
NGC5904,NGC 5904,68.34,238.0,7.2,0.25,0.25,LI22
NGC5904,NGC 5904,74.32,238.0,6.91,0.21,0.21,LI22
NGC5904,NGC 5904,81.91,238.0,6.81,0.25,0.25,LI22
NGC5904,NGC 5904,89.91,400.0,6.82,0.27,0.27,RV
NGC5904,NGC 5904,91.12,238.0,6.7,0.21,0.21,LI22
NGC5904,NGC 5904,104.37,238.0,6.56,0.21,0.21,LI22
NGC5904,NGC 5904,106.92,400.0,6.71,0.28,0.26,RV
NGC5904,NGC 5904,122.36,400.0,6.27,0.26,0.25,RV
NGC5904,NGC 5904,142.16,215.0,6.13,0.35,0.33,VB21
NGC5904,NGC 5904,167.9,100.0,5.41,0.42,0.37,RV
NGC5904,NGC 5904,187.79,215.0,5.25,0.34,0.32,VB21
NGC5904,NGC 5904,216.24,100.0,6.05,0.47,0.42,RV
NGC5904,NGC 5904,224.84,215.0,5.24,0.34,0.32,VB21
NGC5904,NGC 5904,262.48,215.0,5.15,0.36,0.33,VB21
NGC5904,NGC 5904,274.72,100.0,5.16,0.39,0.36,RV
NGC5904,NGC 5904,300.51,215.0,4.56,0.3,0.28,VB21
NGC5904,NGC 5904,355.1,100.0,4.5,0.35,0.31,RV
NGC5904,NGC 5904,499.22,100.0,3.02,0.25,0.21,RV
NGC5904,NGC 5904,882.34,70.0,3.92,0.37,0.32,RV
NGC5927,NGC 5927,6.83,88.0,6.39,0.35,0.35,LI22
NGC5927,NGC 5927,12.64,70.0,7.38,0.71,0.62,RV
NGC5927,NGC 5927,14.56,224.0,6.0,0.2,0.2,LI22
NGC5927,NGC 5927,21.58,224.0,6.15,0.2,0.2,LI22
NGC5927,NGC 5927,26.75,224.0,5.68,0.2,0.2,LI22
NGC5927,NGC 5927,31.08,224.0,6.04,0.2,0.2,LI22
NGC5927,NGC 5927,33.74,70.0,6.65,0.75,0.65,RV
NGC5927,NGC 5927,35.97,223.0,5.92,0.2,0.2,LI22
NGC5927,NGC 5927,41.05,223.0,5.88,0.2,0.2,LI22
NGC5927,NGC 5927,45.76,223.0,5.92,0.2,0.2,LI22
NGC5927,NGC 5927,50.72,223.0,5.76,0.2,0.2,LI22
NGC5927,NGC 5927,52.5,70.0,5.34,0.65,0.55,RV
NGC5927,NGC 5927,55.67,223.0,5.61,0.2,0.2,LI22
NGC5927,NGC 5927,60.88,223.0,6.15,0.24,0.24,LI22
NGC5927,NGC 5927,66.58,223.0,5.88,0.2,0.2,LI22
NGC5927,NGC 5927,72.16,223.0,5.88,0.2,0.2,LI22
NGC5927,NGC 5927,77.76,70.0,4.94,0.5,0.44,RV
NGC5927,NGC 5927,78.17,223.0,5.45,0.2,0.2,LI22
NGC5927,NGC 5927,85.6,223.0,5.29,0.2,0.2,LI22
NGC5927,NGC 5927,93.63,223.0,5.68,0.2,0.2,LI22
NGC5927,NGC 5927,100.94,150.0,5.25,0.37,0.33,VB21
NGC5927,NGC 5927,106.57,223.0,5.53,0.2,0.2,LI22
NGC5927,NGC 5927,111.18,70.0,5.58,0.53,0.46,RV
NGC5927,NGC 5927,152.28,150.0,4.73,0.35,0.32,VB21
NGC5927,NGC 5927,157.67,70.0,5.34,0.51,0.44,RV
NGC5927,NGC 5927,201.85,150.0,5.01,0.36,0.33,VB21
NGC5927,NGC 5927,226.24,70.0,4.42,0.41,0.36,RV
NGC5927,NGC 5927,280.64,150.0,4.15,0.32,0.29,VB21
NGC5927,NGC 5927,356.96,70.0,3.75,0.35,0.31,RV
NGC5927,NGC 5927,466.45,42.0,2.78,0.48,0.41,VB21
NGC5927,NGC 5927,589.38,22.0,2.65,0.54,0.42,RV
NGC5986,NGC 5986,7.1,124.0,7.89,0.4,0.4,LI22
NGC5986,NGC 5986,13.97,213.0,7.34,0.3,0.3,LI22
NGC5986,NGC 5986,19.13,212.0,7.84,0.3,0.3,LI22
NGC5986,NGC 5986,24.19,212.0,7.19,0.25,0.25,LI22
NGC5986,NGC 5986,25.81,47.0,7.02,0.83,0.7,RV
NGC5986,NGC 5986,28.05,212.0,7.39,0.3,0.3,LI22
NGC5986,NGC 5986,31.79,212.0,7.29,0.3,0.3,LI22
NGC5986,NGC 5986,35.95,212.0,7.19,0.25,0.25,LI22
NGC5986,NGC 5986,39.84,212.0,6.95,0.25,0.25,LI22
NGC5986,NGC 5986,43.84,212.0,7.19,0.25,0.25,LI22
NGC5986,NGC 5986,44.24,80.0,7.01,0.63,0.56,VB21
NGC5986,NGC 5986,48.11,212.0,6.85,0.25,0.25,LI22
NGC5986,NGC 5986,52.34,212.0,6.75,0.25,0.25,LI22
NGC5986,NGC 5986,56.98,212.0,6.45,0.25,0.25,LI22
NGC5986,NGC 5986,61.39,212.0,6.85,0.25,0.25,LI22
NGC5986,NGC 5986,63.54,47.0,7.15,0.82,0.69,RV
NGC5986,NGC 5986,66.61,212.0,6.25,0.25,0.25,LI22
NGC5986,NGC 5986,71.33,212.0,6.2,0.25,0.25,LI22
NGC5986,NGC 5986,77.26,212.0,6.3,0.25,0.25,LI22
NGC5986,NGC 5986,87.92,212.0,5.85,0.25,0.25,LI22
NGC5986,NGC 5986,93.08,47.0,4.65,0.54,0.45,RV
NGC5986,NGC 5986,95.36,80.0,5.89,0.54,0.48,VB21
NGC5986,NGC 5986,128.1,47.0,4.84,0.57,0.48,RV
NGC5986,NGC 5986,186.12,56.0,4.63,0.53,0.46,VB21
NGC5986,NGC 5986,202.5,47.0,5.37,0.62,0.53,RV
NGC5986,NGC 5986,296.04,9.0,3.26,1.02,0.69,RV
NGC6093,NGC 6093,6.52,300.0,10.73,0.47,0.44,RV
NGC6093,NGC 6093,13.62,300.0,10.63,0.46,0.44,RV
NGC6093,NGC 6093,19.67,300.0,8.94,0.39,0.38,RV
NGC6093,NGC 6093,22.57,200.0,8.88,0.48,0.45,RV
NGC6093,NGC 6093,27.33,200.0,9.02,0.49,0.46,RV
NGC6093,NGC 6093,32.33,200.0,8.67,0.47,0.44,RV
NGC6093,NGC 6093,39.27,200.0,8.13,0.45,0.41,RV
NGC6093,NGC 6093,47.53,200.0,7.83,0.44,0.4,RV
NGC6093,NGC 6093,55.48,100.0,7.15,0.57,0.51,RV
NGC6093,NGC 6093,70.09,100.0,7.12,0.57,0.5,RV
NGC6093,NGC 6093,94.56,125.0,6.48,0.57,0.53,VB21
NGC6093,NGC 6093,138.14,125.0,6.1,0.54,0.49,VB21
NGC6093,NGC 6093,167.89,87.0,5.54,0.46,0.41,RV
NGC6093,NGC 6093,245.61,66.0,3.2,0.52,0.46,VB21
NGC6101,NGC 6101,14.46,66.0,3.49,0.27,0.27,LI22
NGC6101,NGC 6101,30.0,119.0,3.77,0.21,0.21,LI22
NGC6101,NGC 6101,42.48,35.0,3.39,0.54,0.45,RV
NGC6101,NGC 6101,44.46,119.0,3.56,0.21,0.21,LI22
NGC6101,NGC 6101,55.49,118.0,3.42,0.21,0.21,LI22
NGC6101,NGC 6101,67.33,118.0,3.22,0.14,0.14,LI22
NGC6101,NGC 6101,78.94,118.0,3.49,0.21,0.21,LI22
NGC6101,NGC 6101,88.75,118.0,3.22,0.14,0.14,LI22
NGC6101,NGC 6101,106.35,118.0,3.42,0.21,0.21,LI22
NGC6101,NGC 6101,118.85,36.0,2.21,0.44,0.38,RV
NGC6101,NGC 6101,137.74,42.0,2.9,0.38,0.32,VB21
NGC6121,NGC 6121,13.5,57.0,5.11,0.35,0.35,LI22
NGC6121,NGC 6121,29.64,110.0,4.88,0.25,0.25,LI22
NGC6121,NGC 6121,46.1,110.0,4.93,0.25,0.25,LI22
NGC6121,NGC 6121,46.97,200.0,4.84,0.26,0.24,RV
NGC6121,NGC 6121,62.55,110.0,4.79,0.24,0.24,LI22
NGC6121,NGC 6121,79.68,110.0,4.76,0.24,0.24,LI22
NGC6121,NGC 6121,89.34,200.0,4.74,0.25,0.23,RV
NGC6121,NGC 6121,106.73,109.0,4.98,0.25,0.25,LI22
NGC6121,NGC 6121,108.87,700.0,4.45,0.13,0.12,VB21
NGC6121,NGC 6121,119.73,200.0,4.6,0.24,0.22,RV
NGC6121,NGC 6121,145.54,200.0,4.08,0.22,0.2,RV
NGC6121,NGC 6121,156.61,700.0,4.41,0.13,0.12,VB21
NGC6121,NGC 6121,170.78,200.0,4.0,0.21,0.19,RV
NGC6121,NGC 6121,192.76,700.0,4.25,0.12,0.12,VB21
NGC6121,NGC 6121,196.66,200.0,4.05,0.22,0.2,RV
NGC6121,NGC 6121,226.24,700.0,4.27,0.12,0.12,VB21
NGC6121,NGC 6121,226.33,200.0,4.02,0.21,0.2,RV
NGC6121,NGC 6121,257.27,700.0,4.03,0.12,0.11,VB21
NGC6121,NGC 6121,259.42,200.0,4.35,0.23,0.21,RV
NGC6121,NGC 6121,291.97,700.0,3.91,0.11,0.11,VB21
NGC6121,NGC 6121,293.46,200.0,4.03,0.21,0.2,RV
NGC6121,NGC 6121,328.0,700.0,3.95,0.11,0.11,VB21
NGC6121,NGC 6121,333.3,200.0,4.18,0.22,0.21,RV
NGC6121,NGC 6121,363.49,700.0,3.72,0.11,0.1,VB21
NGC6121,NGC 6121,376.76,200.0,3.58,0.19,0.18,RV
NGC6121,NGC 6121,402.29,700.0,3.62,0.11,0.1,VB21
NGC6121,NGC 6121,431.16,200.0,3.57,0.19,0.17,RV
NGC6121,NGC 6121,446.5,700.0,3.41,0.1,0.09,VB21
NGC6121,NGC 6121,494.95,700.0,3.33,0.1,0.09,VB21
NGC6121,NGC 6121,498.05,200.0,3.32,0.18,0.16,RV
NGC6121,NGC 6121,551.0,700.0,3.05,0.09,0.09,VB21
NGC6121,NGC 6121,580.63,200.0,3.31,0.18,0.17,RV
NGC6121,NGC 6121,622.81,700.0,3.08,0.09,0.09,VB21
NGC6121,NGC 6121,717.85,700.0,2.86,0.09,0.08,VB21
NGC6121,NGC 6121,839.68,570.0,2.82,0.09,0.09,VB21
NGC6121,NGC 6121,998.32,65.0,2.68,0.27,0.23,RV
NGC6144,NGC 6144,14.36,62.0,3.79,0.31,0.31,LI22
NGC6144,NGC 6144,29.63,132.0,3.98,0.19,0.19,LI22
NGC6144,NGC 6144,45.66,132.0,3.55,0.19,0.19,LI22
NGC6144,NGC 6144,61.04,131.0,3.83,0.19,0.19,LI22
NGC6144,NGC 6144,78.44,131.0,3.59,0.19,0.19,LI22
NGC6144,NGC 6144,120.23,76.0,3.04,0.3,0.26,VB21
NGC6144,NGC 6144,138.93,30.0,2.56,0.48,0.4,RV
NGC6171,NGC 6171,7.04,42.0,3.5,0.29,0.29,LI22
NGC6171,NGC 6171,20.11,60.0,3.8,0.43,0.36,RV
NGC6171,NGC 6171,21.44,200.0,3.84,0.13,0.13,LI22
NGC6171,NGC 6171,36.58,200.0,3.58,0.13,0.13,LI22
NGC6171,NGC 6171,49.82,60.0,4.21,0.44,0.39,RV
NGC6171,NGC 6171,50.47,199.0,3.5,0.13,0.13,LI22
NGC6171,NGC 6171,63.31,199.0,3.6,0.13,0.13,LI22
NGC6171,NGC 6171,81.74,199.0,3.47,0.13,0.13,LI22
NGC6171,NGC 6171,82.03,250.0,3.36,0.2,0.19,VB21
NGC6171,NGC 6171,88.5,60.0,3.62,0.39,0.34,RV
NGC6171,NGC 6171,123.39,60.0,3.53,0.39,0.33,RV
NGC6171,NGC 6171,151.9,250.0,2.87,0.2,0.18,VB21
NGC6171,NGC 6171,173.0,60.0,3.02,0.31,0.27,RV
NGC6171,NGC 6171,242.3,60.0,2.64,0.28,0.25,RV
NGC6171,NGC 6171,256.3,250.0,2.92,0.19,0.18,VB21
NGC6171,NGC 6171,390.94,43.0,2.59,0.34,0.29,RV
NGC6171,NGC 6171,544.67,83.0,2.08,0.3,0.27,VB21
NGC6205,NGC 6205,6.87,134.0,9.11,0.39,0.39,LI22
NGC6205,NGC 6205,14.17,257.0,8.65,0.28,0.28,LI22
NGC6205,NGC 6205,20.12,257.0,8.9,0.28,0.28,LI22
NGC6205,NGC 6205,22.32,75.0,7.68,0.68,0.59,RV
NGC6205,NGC 6205,25.22,257.0,8.58,0.28,0.28,LI22
NGC6205,NGC 6205,29.27,257.0,8.76,0.28,0.28,LI22
NGC6205,NGC 6205,33.58,257.0,8.79,0.28,0.28,LI22
NGC6205,NGC 6205,37.25,257.0,8.93,0.28,0.28,LI22
NGC6205,NGC 6205,41.17,257.0,8.69,0.28,0.28,LI22
NGC6205,NGC 6205,45.07,257.0,8.44,0.28,0.28,LI22
NGC6205,NGC 6205,48.68,257.0,8.02,0.25,0.25,LI22
NGC6205,NGC 6205,52.62,256.0,7.81,0.25,0.25,LI22
NGC6205,NGC 6205,56.24,256.0,7.98,0.25,0.25,LI22
NGC6205,NGC 6205,59.8,256.0,8.02,0.25,0.25,LI22
NGC6205,NGC 6205,63.08,256.0,7.74,0.25,0.25,LI22
NGC6205,NGC 6205,67.18,256.0,7.7,0.25,0.25,LI22
NGC6205,NGC 6205,71.12,256.0,7.81,0.25,0.25,LI22
NGC6205,NGC 6205,75.37,256.0,7.91,0.25,0.25,LI22
NGC6205,NGC 6205,79.91,256.0,7.88,0.25,0.25,LI22
NGC6205,NGC 6205,84.69,256.0,7.77,0.25,0.25,LI22
NGC6205,NGC 6205,90.39,256.0,7.7,0.25,0.25,LI22
NGC6205,NGC 6205,90.95,75.0,6.93,0.61,0.54,RV
NGC6205,NGC 6205,100.16,256.0,7.32,0.25,0.25,LI22
NGC6205,NGC 6205,172.89,75.0,5.98,0.53,0.47,RV
NGC6205,NGC 6205,176.65,300.0,6.11,0.29,0.27,VB21
NGC6205,NGC 6205,233.45,300.0,6.04,0.3,0.27,VB21
NGC6205,NGC 6205,283.15,300.0,5.54,0.27,0.26,VB21
NGC6205,NGC 6205,293.87,75.0,5.85,0.52,0.46,RV
NGC6205,NGC 6205,338.85,300.0,5.35,0.27,0.25,VB21
NGC6205,NGC 6205,454.51,205.0,4.16,0.27,0.25,VB21
NGC6205,NGC 6205,490.0,75.0,4.22,0.39,0.34,RV
NGC6205,NGC 6205,820.44,51.0,3.07,0.37,0.31,RV
NGC6218,NGC 6218,9.86,300.0,5.16,0.25,0.23,RV
NGC6218,NGC 6218,10.42,76.0,4.21,0.24,0.24,LI22
NGC6218,NGC 6218,20.09,300.0,4.67,0.23,0.21,RV
NGC6218,NGC 6218,20.2,126.0,4.63,0.22,0.22,LI22
NGC6218,NGC 6218,27.09,300.0,4.79,0.23,0.21,RV
NGC6218,NGC 6218,28.93,126.0,4.46,0.22,0.22,LI22
NGC6218,NGC 6218,32.86,300.0,4.84,0.24,0.22,RV
NGC6218,NGC 6218,36.59,126.0,4.55,0.22,0.22,LI22
NGC6218,NGC 6218,38.31,300.0,4.76,0.23,0.21,RV
NGC6218,NGC 6218,43.52,300.0,4.54,0.22,0.21,RV
NGC6218,NGC 6218,44.33,126.0,4.87,0.22,0.22,LI22
NGC6218,NGC 6218,48.25,300.0,4.5,0.22,0.21,RV
NGC6218,NGC 6218,52.37,126.0,4.19,0.19,0.19,LI22
NGC6218,NGC 6218,53.44,300.0,4.4,0.21,0.21,RV
NGC6218,NGC 6218,58.69,126.0,4.48,0.19,0.19,LI22
NGC6218,NGC 6218,61.66,300.0,4.54,0.22,0.21,RV
NGC6218,NGC 6218,66.83,125.0,3.85,0.17,0.17,LI22
NGC6218,NGC 6218,74.56,125.0,3.95,0.17,0.17,LI22
NGC6218,NGC 6218,82.13,125.0,4.29,0.19,0.19,LI22
NGC6218,NGC 6218,83.51,100.0,4.34,0.35,0.32,RV
NGC6218,NGC 6218,92.71,125.0,4.09,0.19,0.19,LI22
NGC6218,NGC 6218,109.76,300.0,4.13,0.22,0.2,VB21
NGC6218,NGC 6218,128.58,100.0,3.41,0.26,0.23,RV
NGC6218,NGC 6218,146.27,300.0,4.03,0.23,0.22,VB21
NGC6218,NGC 6218,173.95,300.0,3.29,0.2,0.19,VB21
NGC6218,NGC 6218,187.44,100.0,3.09,0.24,0.21,RV
NGC6218,NGC 6218,200.98,300.0,3.61,0.21,0.2,VB21
NGC6218,NGC 6218,228.78,300.0,3.44,0.22,0.21,VB21
NGC6218,NGC 6218,259.52,300.0,3.24,0.21,0.2,VB21
NGC6218,NGC 6218,303.65,300.0,2.74,0.2,0.19,VB21
NGC6218,NGC 6218,353.26,300.0,3.11,0.22,0.21,VB21
NGC6218,NGC 6218,355.96,102.0,2.96,0.23,0.21,RV
NGC6218,NGC 6218,434.41,300.0,2.6,0.2,0.19,VB21
NGC6218,NGC 6218,539.35,115.0,2.06,0.27,0.25,VB21
NGC6254,NGC 6254,7.85,400.0,6.45,0.27,0.25,RV
NGC6254,NGC 6254,10.75,120.0,6.37,0.31,0.31,LI22
NGC6254,NGC 6254,16.24,400.0,5.88,0.25,0.23,RV
NGC6254,NGC 6254,18.11,117.0,5.76,0.29,0.29,LI22
NGC6254,NGC 6254,22.29,400.0,5.59,0.24,0.23,RV
NGC6254,NGC 6254,23.61,117.0,6.08,0.29,0.29,LI22
NGC6254,NGC 6254,27.74,400.0,6.34,0.26,0.25,RV
NGC6254,NGC 6254,28.59,117.0,6.15,0.29,0.29,LI22
NGC6254,NGC 6254,32.73,400.0,5.52,0.24,0.22,RV
NGC6254,NGC 6254,34.2,117.0,6.13,0.29,0.29,LI22
NGC6254,NGC 6254,37.25,400.0,5.74,0.25,0.23,RV
NGC6254,NGC 6254,39.45,117.0,5.76,0.26,0.26,LI22
NGC6254,NGC 6254,41.66,400.0,5.74,0.24,0.23,RV
NGC6254,NGC 6254,44.51,117.0,6.27,0.29,0.29,LI22
NGC6254,NGC 6254,46.05,400.0,6.02,0.25,0.24,RV
NGC6254,NGC 6254,49.26,116.0,5.88,0.29,0.29,LI22
NGC6254,NGC 6254,50.34,400.0,5.82,0.25,0.23,RV
NGC6254,NGC 6254,53.83,116.0,5.45,0.26,0.26,LI22
NGC6254,NGC 6254,55.63,400.0,5.26,0.24,0.22,RV
NGC6254,NGC 6254,58.3,116.0,5.52,0.26,0.26,LI22
NGC6254,NGC 6254,63.36,116.0,6.1,0.29,0.29,LI22
NGC6254,NGC 6254,67.03,400.0,5.9,0.25,0.23,RV
NGC6254,NGC 6254,68.47,116.0,5.72,0.26,0.26,LI22
NGC6254,NGC 6254,73.29,116.0,5.5,0.26,0.26,LI22
NGC6254,NGC 6254,79.47,116.0,5.79,0.29,0.29,LI22
NGC6254,NGC 6254,85.08,400.0,5.32,0.23,0.22,RV
NGC6254,NGC 6254,85.72,116.0,5.36,0.26,0.26,LI22
NGC6254,NGC 6254,96.02,200.0,5.07,0.32,0.3,RV
NGC6254,NGC 6254,114.83,100.0,5.13,0.42,0.38,RV
NGC6254,NGC 6254,143.25,300.0,4.96,0.23,0.21,VB21
NGC6254,NGC 6254,181.31,100.0,5.01,0.39,0.34,RV
NGC6254,NGC 6254,231.43,300.0,4.22,0.19,0.19,VB21
NGC6254,NGC 6254,281.32,100.0,4.22,0.33,0.29,RV
NGC6254,NGC 6254,358.42,300.0,3.61,0.17,0.16,VB21
NGC6254,NGC 6254,448.08,49.0,2.73,0.32,0.28,RV
NGC6254,NGC 6254,574.92,146.0,2.75,0.22,0.2,VB21
NGC6304,NGC 6304,6.64,68.0,5.02,0.35,0.35,LI22
NGC6304,NGC 6304,13.93,117.0,5.1,0.26,0.26,LI22
NGC6304,NGC 6304,21.61,117.0,5.54,0.29,0.29,LI22
NGC6304,NGC 6304,27.73,51.0,5.68,0.62,0.53,RV
NGC6304,NGC 6304,27.8,117.0,5.48,0.29,0.29,LI22
NGC6304,NGC 6304,35.55,117.0,5.34,0.29,0.29,LI22
NGC6304,NGC 6304,44.07,117.0,5.25,0.26,0.26,LI22
NGC6304,NGC 6304,55.28,117.0,5.05,0.26,0.26,LI22
NGC6304,NGC 6304,56.82,51.0,4.93,0.55,0.46,RV
NGC6304,NGC 6304,73.94,117.0,4.64,0.23,0.23,LI22
NGC6304,NGC 6304,84.03,90.0,3.8,0.41,0.36,VB21
NGC6304,NGC 6304,102.23,51.0,4.76,0.53,0.45,RV
NGC6304,NGC 6304,162.44,30.0,3.75,0.64,0.53,VB21
NGC6304,NGC 6304,177.87,52.0,3.42,0.38,0.32,RV
NGC6341,NGC 6341,3.24,54.0,7.78,0.56,0.56,LI22
NGC6341,NGC 6341,7.81,126.0,8.02,0.36,0.36,LI22
NGC6341,NGC 6341,12.09,146.0,8.34,0.36,0.36,LI22
NGC6341,NGC 6341,13.23,50.0,7.81,0.86,0.73,RV
NGC6341,NGC 6341,15.52,146.0,8.26,0.36,0.36,LI22
NGC6341,NGC 6341,18.95,146.0,8.5,0.36,0.36,LI22
NGC6341,NGC 6341,22.32,146.0,7.98,0.32,0.32,LI22
NGC6341,NGC 6341,25.43,146.0,7.7,0.32,0.32,LI22
NGC6341,NGC 6341,28.79,146.0,7.9,0.32,0.32,LI22
NGC6341,NGC 6341,32.31,146.0,7.54,0.32,0.32,LI22
NGC6341,NGC 6341,35.45,146.0,8.02,0.32,0.32,LI22
NGC6341,NGC 6341,39.37,146.0,7.46,0.32,0.32,LI22
NGC6341,NGC 6341,42.83,146.0,7.78,0.32,0.32,LI22
NGC6341,NGC 6341,46.91,146.0,7.46,0.32,0.32,LI22
NGC6341,NGC 6341,50.57,146.0,7.09,0.28,0.28,LI22
NGC6341,NGC 6341,54.43,50.0,6.62,0.73,0.62,RV
NGC6341,NGC 6341,55.07,146.0,6.81,0.28,0.28,LI22
NGC6341,NGC 6341,59.56,146.0,7.25,0.32,0.32,LI22
NGC6341,NGC 6341,63.67,145.0,6.93,0.28,0.28,LI22
NGC6341,NGC 6341,66.6,100.0,6.05,0.48,0.42,VB21
NGC6341,NGC 6341,68.7,145.0,6.45,0.28,0.28,LI22
NGC6341,NGC 6341,74.56,145.0,6.97,0.28,0.28,LI22
NGC6341,NGC 6341,80.2,145.0,6.21,0.28,0.28,LI22
NGC6341,NGC 6341,88.98,145.0,6.0,0.24,0.24,LI22
NGC6341,NGC 6341,94.99,50.0,6.14,0.67,0.58,RV
NGC6341,NGC 6341,100.76,145.0,6.37,0.28,0.28,LI22
NGC6341,NGC 6341,137.85,50.0,4.94,0.55,0.46,RV
NGC6341,NGC 6341,182.82,50.0,4.5,0.5,0.43,RV
NGC6341,NGC 6341,183.76,100.0,5.21,0.42,0.38,VB21
NGC6341,NGC 6341,236.19,50.0,4.44,0.5,0.42,RV
NGC6341,NGC 6341,321.8,50.0,3.16,0.36,0.31,RV
NGC6341,NGC 6341,389.89,44.0,3.03,0.42,0.36,VB21
NGC6341,NGC 6341,570.84,47.0,3.1,0.38,0.32,RV
NGC6352,NGC 6352,11.69,57.0,3.15,0.24,0.24,LI22
NGC6352,NGC 6352,23.13,148.0,3.47,0.16,0.16,LI22
NGC6352,NGC 6352,36.71,148.0,3.34,0.16,0.16,LI22
NGC6352,NGC 6352,51.05,147.0,3.05,0.13,0.13,LI22
NGC6352,NGC 6352,63.72,147.0,3.15,0.13,0.13,LI22
NGC6352,NGC 6352,63.74,35.0,3.86,0.58,0.48,RV
NGC6352,NGC 6352,65.78,200.0,3.21,0.25,0.23,VB21
NGC6352,NGC 6352,76.89,147.0,3.36,0.16,0.16,LI22
NGC6352,NGC 6352,95.91,200.0,2.92,0.23,0.22,VB21
NGC6352,NGC 6352,128.42,200.0,3.1,0.26,0.24,VB21
NGC6352,NGC 6352,246.08,32.0,1.57,0.48,0.4,RV
NGC6362,NGC 6362,14.29,80.0,3.9,0.36,0.32,RV
NGC6362,NGC 6362,16.63,110.0,3.59,0.18,0.18,LI22
NGC6362,NGC 6362,25.3,80.0,3.18,0.33,0.29,RV
NGC6362,NGC 6362,31.36,110.0,3.37,0.18,0.18,LI22
NGC6362,NGC 6362,32.9,80.0,3.71,0.35,0.31,RV
NGC6362,NGC 6362,41.01,110.0,3.59,0.18,0.18,LI22
NGC6362,NGC 6362,49.85,110.0,3.41,0.18,0.18,LI22
NGC6362,NGC 6362,55.98,,4.29,0.45,0.4,D21
NGC6362,NGC 6362,56.85,109.0,3.52,0.18,0.18,LI22
NGC6362,NGC 6362,60.02,80.0,4.05,0.36,0.32,RV
NGC6362,NGC 6362,64.0,109.0,3.37,0.18,0.18,LI22
NGC6362,NGC 6362,72.29,109.0,3.19,0.18,0.18,LI22
NGC6362,NGC 6362,72.3,,4.21,0.43,0.38,D21
NGC6362,NGC 6362,78.97,109.0,3.44,0.18,0.18,LI22
NGC6362,NGC 6362,79.68,,3.88,0.39,0.34,D21
NGC6362,NGC 6362,84.54,,3.71,0.47,0.42,D21
NGC6362,NGC 6362,87.67,109.0,3.34,0.18,0.18,LI22
NGC6362,NGC 6362,88.14,,3.68,0.36,0.33,D21
NGC6362,NGC 6362,90.02,250.0,3.74,0.2,0.19,VB21
NGC6362,NGC 6362,97.45,109.0,3.55,0.18,0.18,LI22
NGC6362,NGC 6362,106.33,80.0,3.15,0.29,0.26,RV
NGC6362,NGC 6362,151.45,250.0,2.93,0.17,0.16,VB21
NGC6362,NGC 6362,177.13,80.0,2.68,0.25,0.22,RV
NGC6362,NGC 6362,211.74,250.0,3.08,0.18,0.16,VB21
NGC6362,NGC 6362,297.28,80.0,2.56,0.24,0.21,RV
NGC6362,NGC 6362,306.97,198.0,2.43,0.16,0.15,VB21
NGC6362,NGC 6362,451.18,12.0,1.82,0.57,0.4,RV
NGC6366,NGC 6366,35.8,95.0,2.3,0.13,0.13,LI22
NGC6366,NGC 6366,56.84,200.0,2.23,0.16,0.14,VB21
NGC6366,NGC 6366,61.11,95.0,2.4,0.15,0.15,LI22
NGC6366,NGC 6366,83.46,95.0,2.53,0.15,0.15,LI22
NGC6366,NGC 6366,84.77,80.0,2.03,0.22,0.2,RV
NGC6366,NGC 6366,115.99,200.0,2.41,0.16,0.15,VB21
NGC6366,NGC 6366,163.86,200.0,2.0,0.14,0.13,VB21
NGC6366,NGC 6366,184.6,80.0,2.23,0.22,0.2,RV
NGC6366,NGC 6366,226.49,200.0,2.11,0.15,0.14,VB21
NGC6366,NGC 6366,298.39,200.0,1.93,0.15,0.13,VB21
NGC6366,NGC 6366,342.84,72.0,2.17,0.24,0.21,RV
NGC6366,NGC 6366,438.9,170.0,1.79,0.15,0.14,VB21
NGC6397,NGC 6397,6.2,42.0,5.39,0.42,0.42,LI22
NGC6397,NGC 6397,7.17,200.0,5.74,0.33,0.3,RV
NGC6397,NGC 6397,15.11,200.0,5.51,0.31,0.29,RV
NGC6397,NGC 6397,20.34,96.0,5.14,0.27,0.27,LI22
NGC6397,NGC 6397,21.11,200.0,5.5,0.31,0.29,RV
NGC6397,NGC 6397,28.51,200.0,5.48,0.31,0.29,RV
NGC6397,NGC 6397,37.04,96.0,5.24,0.28,0.28,LI22
NGC6397,NGC 6397,37.13,200.0,4.96,0.29,0.26,RV
NGC6397,NGC 6397,50.63,96.0,5.25,0.28,0.28,LI22
NGC6397,NGC 6397,55.43,200.0,5.02,0.28,0.26,RV
NGC6397,NGC 6397,63.6,96.0,4.49,0.24,0.24,LI22
NGC6397,NGC 6397,80.97,96.0,5.42,0.28,0.28,LI22
NGC6397,NGC 6397,87.11,200.0,4.65,0.25,0.24,RV
NGC6397,NGC 6397,98.86,95.0,4.17,0.24,0.24,LI22
NGC6397,NGC 6397,119.11,450.0,4.54,0.16,0.15,VB21
NGC6397,NGC 6397,119.4,200.0,4.02,0.22,0.21,RV
NGC6397,NGC 6397,150.05,200.0,4.02,0.22,0.21,RV
NGC6397,NGC 6397,175.71,450.0,4.23,0.15,0.14,VB21
NGC6397,NGC 6397,186.23,200.0,3.99,0.21,0.2,RV
